ax-row-0-col-0_trace-id-brain-activity_variable-row,ax-row-0-col-0_trace-id-brain-activity_variable-col,ax-row-0-col-0_trace-id-brain-activity_variable-value
0,0,37.454011884736246
0,1,95.07143064099162
0,2,73.1993941811405
0,3,59.86584841970366
0,4,15.601864044243651
0,5,15.599452033620265
0,6,5.8083612168199465
0,7,86.61761457749351
0,8,60.11150117432088
0,9,70.80725777960456
0,10,2.0584494295802447
0,11,96.99098521619943
0,12,83.24426408004217
0,13,21.233911067827616
0,14,18.182496720710063
0,15,18.34045098534338
0,16,30.42422429595377
0,17,52.475643163223786
0,18,43.194501864211574
0,19,29.122914019804192
0,20,61.18528947223795
0,21,13.949386065204184
0,22,29.214464853521815
0,23,36.63618432936917
0,24,45.606998421703594
0,25,78.51759613930136
0,26,19.967378215835975
0,27,51.42344384136116
0,28,59.24145688620425
0,29,4.645041271999773
0,30,60.75448519014384
0,31,17.052412368729154
0,32,6.505159298527952
0,33,94.88855372533332
0,34,96.56320330745594
0,35,80.83973481164611
0,36,30.46137691733707
0,37,9.767211400638388
0,38,68.42330265121569
0,39,44.01524937396013
0,40,12.203823484477883
0,41,49.51769101112702
0,42,3.4388521115218396
0,43,90.9320402078782
0,44,25.87799816000169
0,45,66.2522284353982
0,46,31.171107608941096
0,47,52.00680211778108
0,48,54.67102793432797
0,49,18.485445552552704
0,50,96.95846277645586
0,51,77.51328233611146
0,52,93.9498941564189
0,53,89.48273504276489
0,54,59.78999788110851
0,55,92.18742350231169
0,56,8.84925020519195
0,57,19.59828624191452
0,58,4.522728891053807
0,59,32.53303307632643
0,60,38.8677289689482
0,61,27.134903177389592
0,62,82.87375091519293
0,63,35.67533266935893
1,0,28.093450968738075
1,1,54.26960831582485
1,2,14.092422497476264
1,3,80.21969807540397
1,4,7.455064367977082
1,5,98.68869366005173
1,6,77.22447692966574
1,7,19.87156815341724
1,8,0.5522117123602399
1,9,81.54614284548342
1,10,70.68573438476172
1,11,72.90071680409874
1,12,77.12703466859458
1,13,7.4044651734090365
1,14,35.84657285442726
1,15,11.586905952512971
1,16,86.31034258755935
1,17,62.329812682755794
1,18,33.08980248526492
1,19,6.355835028602364
1,20,31.09823217156622
1,21,32.518332202674706
1,22,72.96061783380641
1,23,63.75574713552131
1,24,88.72127425763266
1,25,47.22149251619493
1,26,11.959424593830171
1,27,71.3244787222995
1,28,76.07850486168974
1,29,56.127719756949624
1,30,77.0967179954561
1,31,49.379559636439076
1,32,52.27328293819941
1,33,42.75410183585496
1,34,2.541912674409519
1,35,10.789142699330444
1,36,3.142918568673425
1,37,63.64104112637804
1,38,31.435598107632668
1,39,50.85706911647028
1,40,90.7566473926093
1,41,24.929222914887493
1,42,41.038292303562976
1,43,75.55511385430486
1,44,22.879816549162246
1,45,7.697990982879299
1,46,28.9751452913768
1,47,16.122128725400444
1,48,92.96976523425731
1,49,80.8120379564417
1,50,63.34037565104234
1,51,87.14605901877177
1,52,80.36720768991145
1,53,18.657005888603585
1,54,89.25589984899777
1,55,53.93422419156507
1,56,80.74401551640625
1,57,89.60912999234932
1,58,31.800347497186387
1,59,11.005192452767677
1,60,22.793516254194166
1,61,42.71077886262563
1,62,81.80147659224932
1,63,86.07305832563435
2,0,0.6952130531190703
2,1,51.07473025775657
2,2,41.7411003148779
2,3,22.210781047073024
2,4,11.98653673336828
2,5,33.7615171403628
2,6,94.29097039125192
2,7,32.320293202075526
2,8,51.87906217433661
2,9,70.30189588951778
2,10,36.3629602379294
2,11,97.17820827209607
2,12,96.24472949421113
2,13,25.178229582536417
2,14,49.72485058923854
2,15,30.087830981676966
2,16,28.484049437746762
2,17,3.6886947354532795
2,18,60.956433397989684
2,19,50.26790232288615
2,20,5.147875124998935
2,21,27.864646423661142
2,22,90.82658859666537
2,23,23.95618906669724
2,24,14.48948720912231
2,25,48.9452760277563
2,26,98.56504541106007
2,27,24.20552715115004
2,28,67.21355474058785
2,29,76.16196153287176
2,30,23.763754399239968
2,31,72.82163486118596
2,32,36.77831327192532
2,33,63.23058305935795
2,34,63.35297107608947
2,35,53.57746840747585
2,36,9.02897700544083
2,37,83.5302495589238
2,38,32.07800649717358
2,39,18.651851039985424
2,40,4.077514155476392
2,41,59.08929431882418
2,42,67.75643618422824
2,43,1.6587828927856152
2,44,51.2093058299281
2,45,22.649577519793795
2,46,64.51727904094498
2,47,17.436642900499145
2,48,69.09377381024659
2,49,38.67353463005374
2,50,93.67299887367345
2,51,13.752094414599325
2,52,34.10663510502585
2,53,11.347352124058908
2,54,92.46936182785628
2,55,87.7339353380981
2,56,25.79416277151556
2,57,65.99840460341791
2,58,81.72222002012158
2,59,55.52008115994623
2,60,52.965057835600646
2,61,24.18522909004517
2,62,9.310276780589922
2,63,89.72157579533267
3,0,90.04180571633304
3,1,63.31014572732679
3,2,33.90297910487007
3,3,34.92095746126609
3,4,72.59556788702393
3,5,89.71102599525771
3,6,88.70864242651173
3,7,77.98755458576238
3,8,64.20316461542878
3,9,8.413996499504883
3,10,16.162871409461378
3,11,89.85541885270793
3,12,60.642905965958995
3,13,0.9197051616629648
3,14,10.147154286603211
3,15,66.35017691080559
3,16,0.5061583846218687
3,17,16.080805141749867
3,18,54.87337893665861
3,19,69.18951976926932
3,20,65.19612595026005
3,21,22.42693094605598
3,22,71.2179221347536
3,23,23.724908749680008
3,24,32.539969815926774
3,25,74.64914051180241
3,26,64.96328990472146
3,27,84.9223410494178
3,28,65.76128923003434
3,29,56.830860333547164
3,30,9.367476782809248
3,31,36.77158030594335
3,32,26.520236768172545
3,33,24.398964337908357
3,34,97.30105547524455
3,35,39.30977246667604
3,36,89.20465551771133
3,37,63.11386259972629
3,38,79.48113035416485
3,39,50.26370931051921
3,40,57.69038846263591
3,41,49.25176938188639
3,42,19.52429877980445
3,43,72.24521152615053
3,44,28.07723624408558
3,45,2.431596643145384
3,46,64.54722959071678
3,47,17.711067940704893
3,48,94.04585843529144
3,49,95.39285770025873
3,50,91.48643902204485
3,51,37.01587002554444
3,52,1.5456616528867428
3,53,92.83185625877253
3,54,42.81841483173143
3,55,96.66548190436696
3,56,96.36199770892529
3,57,85.300945546736
3,58,29.444889206958567
3,59,38.50977286019253
3,60,85.11366715168569
3,61,31.692200515627768
3,62,16.94927466860925
3,63,55.68012624583501
4,0,93.6154774160781
4,1,69.6029796674973
4,2,57.0061170089365
4,3,9.717649377076853
4,4,61.500722669916975
4,5,99.00538501042632
4,6,14.008401523652402
4,7,51.832965236373674
4,8,87.73730719279554
4,9,74.07686177542044
4,10,69.7015740995268
4,11,70.24840839871092
4,12,35.94911512197552
4,13,29.359184426449335
4,14,80.93611554785136
4,15,81.01133946791808
4,16,86.70723185801037
4,17,91.32405525564712
4,18,51.13423988609378
4,19,50.15162946871996
4,20,79.82951789667752
4,21,64.99639307777652
4,22,70.19668772577033
4,23,79.57926694361011
4,24,89.00053418175663
4,25,33.79951568515358
4,26,37.5582952639944
4,27,9.3981939840869
4,28,57.8280140996174
4,29,3.5942273796742086
4,30,46.55980181324602
4,31,54.26446347075766
4,32,28.65412521282844
4,33,59.08332605690107
4,34,3.050024993904943
4,35,3.7348188749214417
4,36,82.26005606596583
4,37,36.019064141126286
4,38,12.706051265188478
4,39,52.224326005480435
4,40,76.99935530986109
4,41,21.582102749684317
4,42,62.28904758190003
4,43,8.5347464993768
4,44,5.16817211686077
4,45,53.1354631568148
4,46,54.06351216101065
4,47,63.742990149820656
4,48,72.60913337226616
4,49,97.58520794625346
4,50,51.630034830119534
4,51,32.2956472941246
4,52,79.51861947687037
4,53,27.083225126207424
4,54,43.89714207056361
4,55,7.845638134226595
4,56,2.535074341545751
4,57,96.26484146779251
4,58,83.59801205122058
4,59,69.59742060936979
4,60,40.89529444142699
4,61,17.329432007084577
4,62,15.643704267108605
4,63,25.024289816459532
5,0,54.92266647061205
5,1,71.45959227000624
5,2,66.01973767177313
5,3,27.993389694594285
5,4,95.48652806631941
5,5,73.78969166957685
5,6,55.43540525114007
5,7,61.17207462343522
5,8,41.96000624277899
5,9,24.773098950115745
5,10,35.597267865126156
5,11,75.78461104643691
5,12,1.4393488629755868
5,13,11.607264050691624
5,14,4.600264202175275
5,15,4.072880231897013
5,16,85.54605840110072
5,17,70.36578593800236
5,18,47.41738290873252
5,19,9.783416065100148
5,20,49.16158751168324
5,21,47.34717707805657
5,22,17.320186991001517
5,23,43.385164923797305
5,24,39.85047343973734
5,25,61.585009805221645
5,26,63.50936508676438
5,27,4.530400977204452
5,28,37.46126146264712
5,29,62.58599157142364
5,30,50.31362585800877
5,31,85.64898411883223
5,32,65.8693631618945
5,33,16.29344270814297
5,34,7.056874740042984
5,35,64.24192782063156
5,36,2.6511310541621813
5,37,58.57755812734633
5,38,94.02302414249576
5,39,57.5474177875879
5,40,38.816992620652194
5,41,64.32882184423532
5,42,45.825289049151664
5,43,54.56167893159349
5,44,94.14648087765252
5,45,38.610263780077425
5,46,96.11905638239142
5,47,90.53506419560637
5,48,19.579113478929642
5,49,6.9361300875165455
5,50,10.077800137742665
5,51,1.8221825651549728
5,52,9.44429607559284
5,53,68.30067734163569
5,54,7.118864846022898
5,55,31.89756302937613
5,56,84.48753109694546
5,57,2.3271935735825866
5,58,81.44684825889358
5,59,28.185477477339994
5,60,11.816482762165625
5,61,69.67371653641507
5,62,62.8942846779884
5,63,87.74720135270529
6,0,73.50710438038858
6,1,80.34809303848486
6,2,28.203457257130648
6,3,17.743954377972283
6,4,75.06147516408583
6,5,80.6834739267264
6,6,99.05051420006733
6,7,41.26176769114265
6,8,37.201808579278314
6,9,77.64129607419969
6,10,34.08035402530179
6,11,93.07573256035647
6,12,85.84127518430118
6,13,42.89940273750184
6,14,75.08710677914974
6,15,75.45428740846823
6,16,10.31238688359326
6,17,90.25529066795667
6,18,50.525237244785714
6,19,82.64574661077417
6,20,32.00496010306117
6,21,89.55232284962005
6,22,38.92016787341631
6,23,1.083765148029836
6,24,90.53819764192636
6,25,9.128667678613356
6,26,31.93136375904149
6,27,95.0061967050805
6,28,95.06071469375561
6,29,57.34378881232861
6,30,63.183721216979926
6,31,44.84455219783198
6,32,29.321077169806454
6,33,32.8664545369916
6,34,67.25184560770384
6,35,75.237452943768
6,36,79.15790437258485
6,37,78.96181427945538
6,38,9.120610304869036
6,39,49.442030470258146
6,40,5.755876001664428
6,41,54.95288823237355
6,42,44.1530501373377
6,43,88.77041827582998
6,44,35.09150125520787
6,45,11.706701642760587
6,46,14.299168205283586
6,47,76.15106317174723
6,48,61.82180633162611
6,49,10.112267612279025
6,50,8.410680611499743
6,51,70.096913145912
6,52,7.276300636419353
6,53,82.18600592903562
6,54,70.62422271564962
6,55,8.134878064189976
6,56,8.483771408519193
6,57,98.66395785011754
6,58,37.427079575612034
6,59,37.06421470668909
6,60,81.27995672575025
6,61,94.72485773838586
6,62,98.6001063822871
6,63,75.33781852589416
7,0,37.62595855309158
7,1,8.350071669866876
7,2,77.71469159274368
7,3,55.840424973580504
7,4,42.42220092469763
7,5,90.6354385094736
7,6,11.119748230615134
7,7,49.262510429085914
7,8,1.1353644767419069
7,9,46.86606419941263
7,10,5.630327568183735
7,11,11.881791626807193
7,12,11.752624677710488
7,13,64.92103021160635
7,14,74.60448792654233
7,15,58.336876509715964
7,16,96.21725484745419
7,17,37.48705795237041
7,18,28.571208628186074
7,19,86.85991281894603
7,20,22.359583851945263
7,21,96.32225394406113
7,22,1.2154474689816341
7,23,96.98788267076391
7,24,4.315991195057611
7,25,89.11431136980711
7,26,52.77011090862999
7,27,99.29647961193004
7,28,7.379656473539886
7,29,55.38542844013208
7,30,96.9302535619099
7,31,52.30978441701488
7,32,62.93986381352625
7,33,69.57486889846172
7,34,45.454106476777326
7,35,62.75580800840635
7,36,58.43143119231002
7,37,90.11580104909889
7,38,4.5446380341457875
7,39,28.096318959223034
7,40,95.04114840765587
7,41,89.02637838909163
7,42,45.56567527857129
7,43,62.013259780153675
7,44,27.738118298113267
7,45,18.81211597237613
7,46,46.36984049399822
7,47,35.33522280260528
7,48,58.365611185087204
7,49,7.773463696498483
7,50,97.43948076661665
7,51,98.62107444796028
7,52,69.81617140197451
7,53,53.60963663441204
7,54,30.952761628632775
7,55,81.37950197069486
7,56,68.47311725538793
7,57,16.26169393448913
7,58,91.09271844938425
7,59,82.2537242923169
7,60,94.9799913291924
7,61,72.571950838836
7,62,61.34151959357899
7,63,41.82430362906189
8,0,93.27284833540132
8,1,86.60638895004084
8,2,4.521867010618941
8,3,2.6366974497252005
8,4,37.64633668780496
8,5,81.0553330781833
8,6,98.72761293149445
8,7,15.041689110352818
8,8,59.41307153521351
8,9,38.08908566310215
8,10,96.99143978146031
8,11,84.21189231357087
8,12,83.83287047111378
8,13,46.86931597949703
8,14,41.48195023376652
8,15,27.340707193070624
8,16,5.6375496650927115
8,17,86.47223762550531
8,18,81.29010091300776
8,19,99.97176732861305
8,20,99.66368370739053
8,21,55.543170560262745
8,22,76.89874151805105
8,23,94.47657298824281
8,24,84.96473906774115
8,25,24.734810174319765
8,26,45.05441353100935
8,27,12.915941515149498
8,28,95.40510272587224
8,29,60.617463445088006
8,30,22.864280550346272
8,31,67.17006844058567
8,32,61.81282404578958
8,33,35.81627180328405
8,34,11.355759219962902
8,35,67.15731955927996
8,36,52.03077009037933
8,37,77.23183917356393
8,38,52.01635011119934
8,39,85.21815003185401
8,40,55.190683877448556
8,41,56.093797153538624
8,42,87.66536026583451
8,43,40.3482866212397
8,44,13.401522845064074
8,45,2.8782676313338973
8,46,75.5137255673619
8,47,62.03095513534647
8,48,70.40797680992236
8,49,21.296416150891073
8,50,13.637147558676975
8,51,1.4544665667881929
8,52,35.058755880659696
8,53,58.991768685463306
8,54,39.22440450997323
8,55,43.747492202372904
8,56,90.41586944937484
8,57,34.82554670233004
8,58,51.39894891598108
8,59,78.3653012741143
8,60,39.65427823212701
8,61,62.20867002278735
8,62,86.23637087467452
8,63,94.9520623657642
9,0,14.707348092903793
9,1,92.65876251614944
9,2,49.21162930795382
9,3,25.824438829895836
9,4,45.913575623826134
9,5,98.0032575285477
9,6,49.26180939928696
9,7,32.875161028750824
9,8,63.34008543167258
9,9,24.014561877819308
9,10,7.586332810866391
9,11,12.887972191064922
9,12,12.804583895777244
9,13,15.190269351229436
9,14,13.882717264941014
9,15,64.08747448032146
9,16,18.188008439914483
9,17,34.56672833238632
9,18,89.67884099060119
9,19,47.39616402628724
9,20,66.75577385210272
9,21,17.231987120162984
9,22,19.228901880867078
9,23,4.086861626647886
9,24,16.893506307216455
9,25,27.85903390319586
9,26,17.70104842767468
9,27,8.87025337570556
9,28,12.06358711006008
9,29,46.077876803272574
9,30,20.63337184057925
9,31,36.42698610480755
9,32,50.34172708548569
9,33,69.03948286293652
9,34,3.9312139841098936
9,35,79.94103989090426
9,36,62.79003894909078
9,37,8.17590319488719
9,38,87.35786241067773
9,39,92.08724005318132
9,40,6.107795985486375
9,41,27.687764814720374
9,42,80.62012797930613
9,43,74.82596903836584
9,44,18.45210193563773
9,45,20.93493233367103
9,46,37.0472102791382
9,47,48.45229851910213
9,48,61.825477153029595
9,49,36.891363956977244
9,50,46.25347161331479
9,51,74.74709381337566
9,52,3.66832028905979
9,53,25.243694434402077
9,54,71.33495858845524
9,55,89.52068376871993
9,56,51.167744211566614
9,57,53.211348526531566
9,58,10.717201133977605
9,59,44.741236682345466
9,60,53.261726645502314
9,61,24.247050363472965
9,62,26.924323094938096
9,63,37.728416310462265
10,0,2.007119777772637
10,1,32.20791655831783
10,2,21.144800699654464
10,3,32.74973521779147
10,4,11.976213181925122
10,5,89.0527280739895
10,6,59.359245355404866
10,7,67.91023191444896
10,8,78.91712386073382
10,9,49.84421989290573
10,10,8.69202880874237
10,11,53.71065418185478
10,12,58.68411180208791
10,13,74.54394741843299
10,14,43.16595462296794
10,15,12.758030279556376
10,16,28.377590579872447
10,17,36.30822963986351
10,18,64.59172413316013
10,19,57.077830466891186
10,20,35.60967258978462
10,21,98.65152487929797
10,22,60.577481935688716
10,23,23.72267917359945
10,24,10.178247262040374
10,25,15.285913918433202
10,26,24.595772838450813
10,27,16.06813732595557
10,28,18.656702405130577
10,29,28.50951686938471
10,30,17.33735952947548
10,31,89.67654246264252
10,32,8.023374566164222
10,33,52.451138957025464
10,34,41.03968269896615
10,35,98.23786169086064
10,36,11.203890216805235
10,37,39.785559904574164
10,38,96.94704332753689
10,39,86.55071258939803
10,40,81.707207094928
10,41,25.790282704493983
10,42,17.088758739006582
10,43,66.8643219924431
10,44,92.93759891275857
10,45,55.67628930139298
10,46,57.161268946989985
10,47,27.997909366028416
10,48,76.94929331919369
10,49,18.704374855752338
10,50,32.367923640424365
10,51,42.54364386164168
10,52,50.7610378684455
10,53,24.240973241508023
10,54,11.483682473920354
10,55,61.06200424416326
10,56,28.863055324025577
10,57,58.123822142261226
10,58,15.436271527420232
10,59,48.114010185481746
10,60,53.258943255158584
10,61,5.182353682242691
10,62,33.660427819392055
10,63,13.441467693897424
11,0,6.337497047276774
11,1,98.99602323899452
11,2,32.235384497472296
11,3,80.98744458546349
11,4,25.464065476376383
11,5,68.15027222239293
11,6,76.02278598896865
11,7,59.56387406078443
11,8,47.15761885501584
11,9,41.18409141472685
11,10,34.88682665429953
11,11,92.95291442478259
11,12,83.06194077877291
11,13,96.50269106665125
11,14,12.429722348554472
11,15,73.08674752036443
11,16,93.83404568210378
11,17,18.123306616566015
11,18,6.6496267366777495
11,19,74.11206492900591
11,20,57.44731131799119
11,21,84.1828776758272
11,22,13.97723766262895
11,23,79.52673118598902
11,24,20.162732004774455
11,25,16.36559428657045
11,26,16.426579793099293
11,27,81.45747202313821
11,28,66.51972206962002
11,29,52.30654247691193
11,30,35.88304841235025
11,31,87.72005408131082
11,32,39.244510742263536
11,33,81.65994394715771
11,34,43.91349085702184
11,35,37.69444294249076
11,36,46.26797856696064
11,37,30.13778741641421
11,38,74.76093801762511
11,39,50.27203900924791
11,40,23.22126951468173
11,41,89.95745732745685
11,42,38.38912213732114
11,43,54.35528611139886
11,44,90.6472110964547
11,45,62.42379959139921
11,46,11.689804070836407
11,47,93.98321236134751
11,48,62.770805307141785
11,49,33.49056146570861
11,50,13.927207266338726
11,51,79.4025189270296
11,52,62.00727559285135
11,53,53.34610919763215
11,54,89.38925830509577
11,55,78.85972112245308
11,56,15.167487973275119
11,57,31.172206779554823
11,58,24.848913981446575
11,59,74.3946292572677
11,60,3.353243473577938
11,61,56.98896848713165
11,62,76.24586857406905
11,63,87.67656367617495
12,0,34.20817487159075
12,1,82.12573046720128
12,2,11.063173695520723
12,3,84.64522917345182
12,4,12.748866233198243
12,5,39.72872905603673
12,6,79.72953657795536
12,7,14.991742734877377
12,8,22.92513952326415
12,9,72.22525683930662
12,10,72.00365365460743
12,11,64.11476328852973
12,12,69.39484444671
12,13,54.27244433475962
12,14,25.179905890695274
12,15,34.56959935039195
12,16,18.159771680142565
12,17,90.84505613336283
12,18,58.339179476612046
12,19,40.08514167636399
12,20,46.20058036441327
12,21,94.72833396118153
12,22,15.33514031160802
12,23,58.62298320167972
12,24,50.5888678884466
12,25,61.14542354346478
12,26,1.8110183820840509
12,27,87.21239089441515
12,28,93.21182824836124
12,29,56.51331835892089
12,30,69.66508238768922
12,31,92.24993811772957
12,32,70.72386343133986
12,33,15.253904291426135
12,34,57.62883601668132
12,35,60.67150463828559
12,36,42.4130671302386
12,37,73.64442356247228
12,38,93.43670147690149
12,39,92.55685129067763
12,40,45.08393714041321
12,41,11.323804584075525
12,42,98.48411989623345
12,43,83.88980864459342
12,44,12.466268120326685
12,45,92.08418826173724
12,46,86.98963620621282
12,47,51.88380571260721
12,48,59.127543574492925
12,49,39.90027038701302
12,50,5.476163882203133
12,51,33.519724164590095
12,52,80.28534485980114
12,53,0.4632023004602859
12,54,33.34991716911442
12,55,39.81686935909433
12,56,53.73956029379229
12,57,91.98556164127605
12,58,34.634599436596126
12,59,34.69532018962277
12,60,73.75012481097484
12,61,45.221794088980715
12,62,22.460482293998197
12,63,45.24395161326934
13,0,14.085702037979985
13,1,17.63869865062233
13,2,49.83677727394797
13,3,41.89254495045479
13,4,91.48459010681
13,5,36.23938991166331
13,6,58.05883502780434
13,7,63.22642879195304
13,8,1.3094456588333636
13,9,66.35373720167107
13,10,17.803596686975144
13,11,96.10703174694551
13,12,14.866272775311295
13,13,41.462412372702374
13,14,8.534966807864386
13,15,99.68742518459473
13,16,50.21950103312426
13,17,59.53850173200438
13,18,6.7076477388427485
13,19,74.99604703991778
13,20,20.990559309558577
13,21,89.80542894407138
13,22,20.513964048200716
13,23,19.068772066366655
13,24,3.654966784809488
13,25,47.206694510999924
13,26,56.48411332626164
13,27,6.570863942835237
13,28,77.55276166950105
13,29,45.32888347480276
13,30,52.439026932758004
13,31,44.07627469382282
13,32,40.0763060875326
13,33,55.96403313082179
13,34,15.52402459307125
13,35,18.19281304952711
13,36,86.17856210135173
13,37,94.61154621336327
13,38,37.330931627975296
13,39,27.074467314355378
13,40,64.39995432390158
13,41,40.87341710980964
13,42,2.538635566034486
13,43,15.615259736619036
13,44,71.59722288473975
13,45,65.89239419101514
13,46,2.709599250348349
13,47,22.197216193294945
13,48,23.10747965880714
13,49,67.18927435987284
13,50,1.9710537754364155
13,51,10.410858198457385
13,52,79.99160853731894
13,53,17.85446620543336
13,54,65.27461078518748
13,55,23.81827810467265
13,56,9.944139275934516
13,57,24.317219099945408
13,58,72.22669318556592
13,59,85.56964681062857
13,60,83.02198645669915
13,61,39.71835296184548
13,62,66.80851365706462
13,63,20.498429541582098
14,0,29.314773026101328
14,1,89.63358185211197
14,2,1.3001923510736035
14,3,8.550853085446807
14,4,20.78862551460273
14,5,2.6532203873819715
14,6,18.143543508979732
14,7,58.304156096969216
14,8,42.1424550592498
14,9,89.26717110769748
14,10,81.7443561738441
14,11,34.1817351697876
14,12,25.94234334312925
14,13,37.96924081672669
14,14,59.02949425148078
14,15,26.806364082287626
14,16,62.4148907849134
14,17,40.941165219124045
14,18,55.204718085198024
14,19,43.61265291353167
14,20,29.44657595419177
14,21,94.84533069621567
14,22,76.36057941597608
14,23,14.011317576645254
14,24,86.84679758979128
14,25,48.743119824951364
14,26,89.45522268940914
14,27,79.98552559473153
14,28,42.52135044692334
14,29,2.24693083201174
14,30,26.867735938494608
14,31,54.16342146608669
14,32,63.347821982614725
14,33,25.788768543320227
14,34,13.935607407282413
14,35,83.4930236799299
14,36,98.44021807035521
14,37,52.56901823026858
14,38,17.16792858483035
14,39,27.230732651936897
14,40,1.8390676547466733
14,41,91.4298806560499
14,42,11.775108289014113
14,43,57.651647551425356
14,44,27.4055220687206
14,45,55.417800251579344
14,46,65.14203883518643
14,47,82.97418037072016
14,48,20.64212717606032
14,49,1.0995828658480478
14,50,13.688563006880727
14,51,90.00186418481051
14,52,87.38900775625153
14,53,59.74131021703083
14,54,60.051686043365336
14,55,66.50366745462554
14,56,17.53712786234496
14,57,91.44119459249598
14,58,41.87705248920731
14,59,38.31385282494975
14,60,51.89177052828376
14,61,4.696596677505505
14,62,16.628336875607943
14,63,73.80336164263704
15,0,8.279866792512646
15,1,60.31521094663882
15,2,24.534910968132095
15,3,38.929561404197656
15,4,28.869373677069987
15,5,35.567271646494916
15,6,71.90459051842456
15,7,29.7121715623175
15,8,56.64046402968972
15,9,47.60504021990997
15,10,66.36711653626482
15,11,93.6829739324758
15,12,73.25720972102503
15,13,21.494037859075675
15,14,3.1183135061284672
15,15,26.22640442998251
15,16,59.507793070025485
15,17,5.1425813484250344
15,18,49.636624720123635
15,19,59.68428489168892
15,20,33.424389081696084
15,21,77.09122037458219
15,22,10.65982531337718
15,23,7.513778173580876
15,24,72.81887562036033
15,25,49.549131620619846
15,26,68.84023964277361
15,27,43.48273386037462
15,28,24.640203323910683
15,29,81.91023176741997
15,30,79.94158789689793
15,31,69.46964708544267
15,32,27.21451372299627
15,33,59.023066686908706
15,34,36.09738969400268
15,35,9.158207332663416
15,36,91.73135754622427
15,37,13.68186309189614
15,38,95.02373538208025
15,39,44.600577295795574
15,40,18.513292883861965
15,41,54.190094737835814
15,42,87.29458358764083
15,43,73.22248864095612
15,44,80.65611478614497
15,45,65.87833667107174
15,46,69.22765645178525
15,47,84.91956515653193
15,48,24.966800885918595
15,49,48.942496364314046
15,50,22.120944181960223
15,51,98.7668007996647
15,52,94.40593396866133
15,53,3.94268113685059
15,54,70.55751725156884
15,55,92.52483174156659
15,56,18.057534512733355
15,57,56.79452305526295
15,58,91.54882975880419
15,59,3.394597858579884
15,60,69.742026724684
15,61,29.734900737255078
15,62,92.43961953765304
15,63,97.10582451653677
16,0,94.42664891134339
16,1,47.42142166574638
16,2,86.20426509893134
16,3,84.45493985350704
16,4,31.910047324325564
16,5,82.89154741506773
16,6,3.700763471549262
16,7,59.6269878482053
16,8,23.000883728770305
16,9,12.056688577727881
16,10,7.695320162920916
16,11,69.62887758781397
16,12,33.98749637680661
16,13,72.47667715287615
16,14,6.535634079894237
16,15,31.529033783061035
16,16,53.949129237533725
16,17,79.07231648389636
16,18,31.875250293206992
16,19,62.58913764370091
16,20,88.5977748236187
16,21,61.58631881823046
16,22,23.295947475363377
16,23,2.440078155653802
16,24,87.00988739009298
16,25,2.126941085038714
16,26,87.47016726841994
16,27,52.8937134027212
16,28,93.90676985128962
16,29,79.87832357736654
16,30,99.79341105333374
16,31,35.071181545171015
16,32,76.71882889311269
16,33,40.193091360924214
16,34,47.98756203039088
16,35,62.75054632183701
16,36,87.36771141863387
16,37,98.40834691992951
16,38,76.82734138645182
16,39,41.77667821673337
16,40,42.13570022770702
16,41,73.75823015888915
16,42,23.877714576830233
16,43,11.047411313139467
16,44,35.462215764077655
16,45,28.723899165408174
16,46,29.630812045599008
16,47,23.360775104990992
16,48,4.209318963636188
16,49,1.787393473341381
16,50,98.77223897360315
16,51,42.77731337358623
16,52,38.432664715968166
16,53,67.96472826930699
16,54,21.825388786506416
16,55,94.99611839502253
16,56,78.6345014415552
16,57,8.94110023122595
16,58,41.75807757849284
16,59,87.91183075621647
16,60,94.47320222914102
16,61,46.74015112498697
16,62,61.34113892107077
16,63,16.70339460920752
17,0,99.11686261369765
17,1,23.16717013834434
17,2,94.27317741351257
17,3,64.96466489923685
17,4,60.773679487885914
17,5,51.26885110165086
17,6,23.06698117177587
17,7,17.652803200550828
17,8,22.048620907017536
17,9,18.643826214425452
17,10,77.95844735667534
17,11,35.01252591667301
17,12,5.784267656339637
17,13,96.91026301408114
17,14,88.37858849634257
17,15,92.77522831952129
17,16,99.49078226464353
17,17,17.38952492194873
17,18,39.62420189026587
17,19,75.82384757040913
17,20,69.60206180537922
17,21,15.389590633985506
17,22,81.58331249906178
17,23,22.444057183666068
17,24,22.38176148226231
17,25,53.69744228934136
17,26,59.293993484170315
17,27,58.00862078378112
17,28,9.148683739775487
17,29,87.74608626303804
17,30,26.560004258870606
17,31,12.951492128280417
17,32,88.87480798689772
17,33,95.56514982297534
17,34,86.21276172654507
17,35,80.95160747248781
17,36,65.52419806390218
17,37,55.08573706091393
17,38,8.698675991141014
17,39,40.845321307069874
17,40,37.2688517012314
17,41,25.97537837603262
17,42,72.3420113688585
17,43,49.58757350787708
17,44,8.104621590764793
17,45,22.018320194981133
17,46,68.32587636595959
17,47,7.613085949030019
17,48,85.12069140487687
17,49,49.51465270139743
17,50,48.0586577326648
17,51,59.24077846595176
17,52,82.46809659251491
17,53,34.780920790219305
17,54,67.80161525590636
17,55,56.5731963995791
17,56,26.70282701694213
17,57,87.8629986355158
17,58,79.74260216069281
17,59,65.84518346584255
17,60,85.05817290942419
17,61,86.72942009598023
17,62,70.83629767150347
17,63,83.7013328363672
18,0,69.74714616692836
18,1,68.01407717603004
18,2,61.86113782151843
18,3,75.27166395576413
18,4,15.86051052930737
18,5,88.08707591989284
18,6,87.1843527745232
18,7,2.9247283034559146
18,8,82.58167505647627
18,9,12.886986747344519
18,10,33.51188542591419
18,11,74.35082562916078
18,12,16.07598960483082
18,13,81.79670241190622
18,14,83.21341779577419
18,15,50.746773376083624
18,16,0.638587171683358
18,17,28.703813317491278
18,18,61.69269183757422
18,19,98.11861780274235
18,20,63.18135270166684
18,21,25.98035810641598
18,22,63.40057030996113
18,23,53.99853797158555
18,24,77.98453951511436
18,25,10.698063882695841
18,26,76.1027902502028
18,27,54.12665786761103
18,28,96.29920038589947
18,29,34.187216603868606
18,30,63.26218931339481
18,31,93.20281055100175
18,32,10.250972799067926
18,33,93.72284872364511
18,34,68.78857223008133
18,35,6.78370591051719
18,36,30.096356694681624
18,37,70.81720886452815
18,38,6.73506014687717
18,39,58.217046017627325
18,40,34.588305695295674
18,41,62.091551776747714
18,42,4.5742033812512854
18,43,87.15368061523763
18,44,97.3488969177397
18,45,96.88778552856915
18,46,74.96518317429248
18,47,13.008624013063198
18,48,75.82631959290225
18,49,2.458691645880151
18,50,2.2123551528997254
18,51,32.36102191495412
18,52,48.864319040466576
18,53,77.04074178077931
18,54,68.32953766065052
18,55,44.590270637674834
18,56,27.362666628166586
18,57,99.71245001577111
18,58,42.6181302235973
18,59,45.13870243296755
18,60,16.362382119166917
18,61,79.48095487499293
18,62,69.36822257814886
18,63,22.07696127887604
19,0,8.238104561584269
19,1,68.0499302074713
19,2,65.45112142811352
19,3,27.32595269982093
19,4,95.08635622504103
19,5,15.105789178090024
19,6,43.23348010426019
19,7,94.36159201675989
19,8,41.97273169261223
19,9,63.85259476640856
19,10,39.75943979627943
19,11,27.421520234867003
19,12,98.39776479598282
19,13,40.9334006315043
19,14,89.40992036791344
19,15,22.995460589108617
19,16,21.31047040250833
19,17,3.113408288451136
19,18,65.1666825375885
19,19,36.852634372376116
19,20,86.4358249839637
19,21,47.32099066915572
19,22,96.81934279147217
19,23,18.552551570312115
19,24,86.86231679556109
19,25,77.65968527917417
19,26,77.0921844644052
19,27,84.47832281168877
19,28,76.10239909429988
19,29,62.62203216314154
19,30,13.124487768238758
19,31,3.2526179491251916
19,32,92.08478478156869
19,33,61.665031452073805
19,34,79.65372909761763
19,35,48.152235151255006
19,36,11.730818896239448
19,37,12.518579220255043
19,38,68.55652872289714
19,39,43.030589489946266
19,40,20.052472670033673
19,41,49.15945467414369
19,42,6.420893707513409
19,43,58.19714019143988
19,44,26.899340443509768
19,45,79.75591006371882
19,46,31.036195892357377
19,47,45.52201490818012
19,48,1.1620539908100636
19,49,7.244688779455888
19,50,39.24935564066848
19,51,47.99388347171235
19,52,60.00205481193037
19,53,29.166257870930323
19,54,69.49818861265426
19,55,86.01223971892045
19,56,77.98509888933498
19,57,3.9618825348357145
19,58,48.0506947257829
19,59,10.493017841817487
19,60,24.204501586252746
19,61,98.66625932671465
19,62,14.249554290151323
19,63,49.888815345135605
20,0,61.81557343181191
20,1,70.2464970544104
20,2,55.96486834869141
20,3,0.9770847419183659
20,4,32.64613082439919
20,5,51.771164338471145
20,6,8.786649914483336
20,7,35.06269312091808
20,8,3.3203108791366565
20,9,7.857849715502074
20,10,39.69232762015961
20,11,13.271575404306034
20,12,56.75408482615582
20,13,68.94649691372658
20,14,80.05866991090829
20,15,20.01502442448101
20,16,16.748258225906977
20,17,10.456784033440025
20,18,63.64302495436367
20,19,70.64757264869012
20,20,3.1586144825642037
20,21,93.62122462436898
20,22,5.1971283651472415
20,23,54.12963353010704
20,24,70.90605194509165
20,25,87.09691237460856
20,26,71.40869321324278
20,27,80.17280830697918
20,28,33.94501925428061
20,29,81.48251137465122
20,30,8.011484638467515
20,31,89.48166560605276
20,32,54.75923761537362
20,33,81.72977699624937
20,34,45.23182845183001
20,35,64.35776951965249
20,36,52.640266093611324
20,37,73.15895217553319
20,38,8.162998203058958
20,39,6.03520839905638
20,40,24.710323401014644
20,41,15.954468011318834
20,42,87.17835665922017
20,43,21.92139873580443
20,44,97.58652558191314
20,45,33.68957917711069
20,46,18.211791568869927
20,47,78.96985071424791
20,48,65.87077755008761
20,49,49.8195716453139
20,50,55.53635509376312
20,51,71.92017782722638
20,52,22.845474133129873
20,53,99.63339160567419
20,54,97.4793162146783
20,55,65.03256863469369
20,56,19.954245092914512
20,57,68.02282424312914
20,58,7.219840897917584
20,59,3.0652502205806065
20,60,25.76828885112137
20,61,46.26229567393163
20,62,86.82725054083805
20,63,72.7169069766308
21,0,74.2706521199981
21,1,42.54933344480754
21,2,34.59349925469629
21,3,37.10387629846027
21,4,98.76495637360578
21,5,4.010919141248248
21,6,86.70314961224486
21,7,57.86754085723934
21,8,43.86154191895905
21,9,72.52576604151365
21,10,48.666894142470284
21,11,87.34232380816606
21,12,90.07018640112585
21,13,42.17209268734554
21,14,27.682779723505156
21,15,59.23503285933622
21,16,91.2363345616691
21,17,21.066218900566657
21,18,62.296658356348274
21,19,63.156022009252055
21,20,73.3113022415281
21,21,13.15676851272598
21,22,71.58249646820886
21,23,90.9032520665641
21,24,17.968310887024195
21,25,23.754332492387764
21,26,97.13950940416396
21,27,18.097695270948975
21,28,85.4385093369579
21,29,49.227785644803475
21,30,24.723107440317705
21,31,87.07499012725114
21,32,44.53052550026655
21,33,51.48173539296902
21,34,35.92333693997657
21,35,59.29508514349274
21,36,16.352387258502276
21,37,39.10815366517607
21,38,96.94123223352875
21,39,25.813343270112753
21,40,65.67366645412922
21,41,32.51900642246949
21,42,77.34731256866006
21,43,13.087366071834982
21,44,96.98210450785447
21,45,45.37895413836392
21,46,23.605046334646396
21,47,7.349674733001265
21,48,16.975790508754073
21,49,51.977394855601766
21,50,33.70031764312863
21,51,82.88833658826094
21,52,43.08875236618059
21,53,24.871427258762992
21,54,61.714498660403
21,55,70.67772168854458
21,56,16.704190790094987
21,57,16.761921628831765
21,58,3.667142693354297
21,59,73.64020150656405
21,60,66.38045276218051
21,61,47.46308757498139
21,62,84.41704489691972
21,63,80.56701529500532
22,0,58.535436439675216
22,1,86.82712805132586
22,2,20.584121003676824
22,3,11.191961939772789
22,4,26.974961151698963
22,5,5.708685608931486
22,6,53.1169528001032
22,7,93.66056922949615
22,8,3.9343540668509647
22,9,12.21099140100268
22,10,45.21990282834353
22,11,93.38750175279048
22,12,31.61561049767505
22,13,50.723480868839246
22,14,4.15728590503921
22,15,14.834320096208886
22,16,98.66301229588468
22,17,96.51186964360456
22,18,0.49399809344096157
22,19,95.18117854232389
22,20,63.91199378155004
22,21,86.79182945200222
22,22,45.47398556338591
22,23,51.55960285792502
22,24,48.88465802569202
22,25,66.68642575461044
22,26,13.96512547563129
22,27,2.9973589872677953
22,28,30.79299415911909
22,29,70.46807627366466
22,30,20.185345212294838
22,31,67.34324333249174
22,32,96.99120461072704
22,33,9.39007157894184
22,34,67.26021182251263
22,35,44.375021930457116
22,36,86.81422543775054
22,37,17.71497894473859
22,38,69.26259522261645
22,39,83.81152896481102
22,40,94.46142194740233
22,41,68.32480282896458
22,42,49.71747640084273
22,43,61.78472402012139
22,44,86.89049844787182
22,45,57.060974663882966
22,46,3.038705969683686
22,47,93.09486955069778
22,48,68.95267510315611
22,49,67.65133857772466
22,50,21.567515239771716
22,51,65.88854702326572
22,52,39.386440565415846
22,53,65.12329770414921
22,54,10.659303030799073
22,55,65.7845304603036
22,56,99.94137257706666
22,57,4.821203886055603
22,58,97.71741842213173
22,59,40.690796072287064
22,60,87.07534503372591
22,61,78.23854840582734
22,62,56.70162609866678
22,63,73.84492092513266
23,0,87.8515561301348
23,1,40.4140321651033
23,2,32.70331615632387
23,3,66.75933855635847
23,4,80.78459419412586
23,5,76.22851347766158
23,6,79.78136488586345
23,7,43.5583314812933
23,8,81.78342161750216
23,9,12.020905537060845
23,10,54.448909796084955
23,11,0.575866049812157
23,12,32.45858299002703
23,13,36.646153487139784
23,14,39.61726916092554
23,15,69.54672066898621
23,16,38.85581012703457
23,17,44.86936226225306
23,18,23.754413087432745
23,19,37.325179162934006
23,20,22.726962726315147
23,21,7.319592376844364
23,22,60.34485933813779
23,23,66.82127985550163
23,24,61.94903460096145
23,25,46.34940438005724
23,26,37.978578017922985
23,27,86.33336495718252
23,28,51.908178513621806
23,29,47.9181877629731
23,30,2.5642065806435688
23,31,34.12478276261564
23,32,38.019561878585705
23,33,39.88227808969005
23,34,58.017236922733225
23,35,53.360254672687844
23,36,60.79050927934446
23,37,76.48832615421283
23,38,81.29857387160935
23,39,71.81230762264944
23,40,95.55236959549347
23,41,1.823258267636163
23,42,19.57779856835461
23,43,0.756287497814212
23,44,64.7474714154603
23,45,89.8030548949987
23,46,24.34822965762993
23,47,92.70345447963066
23,48,6.026739028956085
23,49,93.44360268055144
23,50,35.16226872396344
23,51,10.142082844921651
23,52,48.58717591863256
23,53,25.677656772050796
23,54,28.487290196192284
23,55,30.728996492628657
23,56,80.30258978326634
23,57,53.91612766752545
23,58,31.130769915600364
23,59,61.03337833109184
23,60,71.61506742231936
23,61,27.262400073353376
23,62,41.354910152535155
23,63,12.188609333694755
24,0,18.11493495346803
24,1,68.11178539649828
24,2,18.143834769562694
24,3,52.516338366706016
24,4,70.90462617224327
24,5,10.687692309474384
24,6,56.73122196289035
24,7,25.656278370136377
24,8,96.29268752375798
24,9,48.35456467199247
24,10,80.59925497751581
24,11,55.022654215626176
24,12,4.341253285481916
24,13,63.31513755940223
24,14,95.14033422066571
24,15,60.16118201463312
24,16,81.91888594267903
24,17,88.42064633484078
24,18,22.807977194893247
24,19,21.204483990822666
24,20,61.09809888509917
24,21,41.10284698067047
24,22,83.98613028667204
24,23,90.00231233980112
24,24,35.34213793027181
24,25,23.687055897448207
24,26,78.05255152438619
24,27,27.48060355481361
24,28,82.26143185136785
24,29,42.37382536487628
24,30,66.75498992914704
24,31,9.553531383466819
24,32,62.3859324676573
24,33,45.17676787372291
24,34,58.66084631754741
24,35,16.801420774486342
24,36,73.68737449441821
24,37,86.27970775432286
24,38,21.673980009077564
24,39,9.571455552016172
24,40,2.3638586046336396
24,41,64.1971500443266
24,42,60.70940360887808
24,43,54.669741271407005
24,44,23.194709611597542
24,45,39.09059959055147
24,46,59.4476335186173
24,47,49.67668588591694
24,48,98.77855202148874
24,49,13.643975255673313
24,50,69.51445540475937
24,51,40.431876810429216
24,52,42.819961492561475
24,53,71.75977656581762
24,54,69.24361513243696
24,55,99.12559937021884
24,56,12.839428945412523
24,57,10.410964938416633
24,58,72.43388171287411
24,59,57.83869170064091
24,60,27.416066655980586
24,61,7.9419368988986605
24,62,8.565824959643054
24,63,89.41908746641182
25,0,19.18673247187429
25,1,32.33715621155208
25,2,22.6656402226988
25,3,35.49963058319373
25,4,6.942384274609337
25,5,51.90597909082704
25,6,6.76125635922149
25,7,80.03565078223616
25,8,23.3712081910433
25,9,54.00119146045106
25,10,88.00790875614582
25,11,65.08773690471942
25,12,53.29577865513353
25,13,32.43337531153756
25,14,33.300191305819794
25,15,66.94869551981901
25,16,99.41393612211675
25,17,66.18391898493786
25,18,55.77834173700249
25,19,73.06505102392461
25,20,46.52056122837182
25,21,6.0142342600785215
25,22,56.22968158779098
25,23,95.76252845053801
25,24,17.530294235765965
25,25,69.00048908206658
25,26,20.093368865905646
25,27,53.582768447308126
25,28,9.667644964671961
25,29,45.037093625818514
25,30,75.61633288952461
25,31,34.757152423898205
25,32,66.4911724487218
25,33,79.54499607897291
25,34,92.71778194794527
25,35,23.464208185545353
25,36,39.931591580930814
25,37,15.241601333041743
25,38,99.24835021583752
25,39,92.70009679242953
25,40,53.99571302805596
25,41,84.20332943764213
25,42,52.09579772720422
25,43,62.35856880027597
25,44,8.912443211601662
25,45,75.52704204968079
25,46,12.771348363523483
25,47,82.60676302525283
25,48,78.20280876703859
25,49,70.87446977429764
25,50,3.6160380524762115
25,51,30.31283559453286
25,52,26.311256991084285
25,53,36.01364074715191
25,54,8.764274676383854
25,55,93.69578230310628
25,56,55.38022407123763
25,57,30.552431065802356
25,58,39.698151707428345
25,59,44.72025405048357
25,60,60.05943333606173
25,61,51.567942769649775
25,62,91.93919732144174
25,63,49.696348290583025
26,0,99.21580148233127
26,1,85.14249577450957
26,2,20.85105143573358
26,3,93.05952146439162
26,4,11.636639788547608
26,5,81.74497084911916
26,6,38.06232934765801
26,7,87.79743204450695
26,8,86.80566901074504
26,9,80.59254001176211
26,10,79.00304363070614
26,11,30.46791390980408
26,12,8.091928305125219
26,13,40.29801787651615
26,14,17.35245149865087
26,15,69.49510889024617
26,16,34.609972653778556
26,17,97.56102008599149
26,18,64.0972077345332
26,19,82.24805636343609
26,20,13.252467274184843
26,21,86.20144822726226
26,22,92.27571905133944
26,23,48.70619188189359
26,24,60.625293775097745
26,25,76.48098009029954
26,26,17.483862726041256
26,27,50.25660764634424
26,28,39.86630277723131
26,29,14.63739921622491
26,30,36.753442229153144
26,31,6.817230938549357
26,32,2.5811906949486985
26,33,13.516628915482276
26,34,96.31151115891738
26,35,54.952953589501696
26,36,96.582216115322
26,37,43.2497878330132
26,38,31.181613308525957
26,39,50.61418628402441
26,40,43.95116886329101
26,41,10.566468426174392
26,42,64.08263146902063
26,43,21.60381825095996
26,44,61.95879548978296
26,45,65.02010923981534
26,46,15.20248531286481
26,47,6.134962711066816
26,48,78.07615860684398
26,49,45.98004237693202
26,50,5.816379550547579
26,51,99.48663171697672
26,52,5.778056099636664
26,53,69.50352288585532
26,54,98.36789252634136
26,55,23.918010421592562
26,56,14.224936868719617
26,57,12.138493942242889
26,58,30.327514756759555
26,59,10.10458110106467
26,60,69.2161341694132
26,61,6.229179813006269
26,62,50.94221281497897
26,63,99.66968538529768
27,0,81.39702695060188
27,1,61.52194382310109
27,2,30.625362078661166
27,3,62.389583629163845
27,4,52.70414639116516
27,5,42.60833838903715
27,6,13.071037674019948
27,7,88.66042152404667
27,8,44.97846488213225
27,9,19.462251182076507
27,10,36.77593508772896
27,11,41.4129752528927
27,12,82.75378955668742
27,13,73.3614380561402
27,14,76.93048936413398
27,15,1.1031264428647214
27,16,41.615399817976154
27,17,48.13441516353236
27,18,1.9192276823056686
27,19,25.98132087450342
27,20,76.0289823122135
27,21,13.710970572899905
27,22,53.531013145259166
27,23,21.52018720172375
27,24,1.2120774643893273
27,25,24.12014575995415
27,26,97.58737549100537
27,27,80.15371118829896
27,28,95.95766443210334
27,29,48.785404392636245
27,30,10.973619867750351
27,31,54.79594889736929
27,32,45.43773345599609
27,33,84.4357082739616
27,34,9.808258078424458
27,35,48.82411370217782
27,36,15.004866469398426
27,37,32.467592689006
27,38,73.73570773877996
27,39,47.601812936876655
27,40,37.58882851457693
27,41,39.44762785700353
27,42,45.94467684059866
27,43,78.50165438370568
27,44,89.20846889402344
27,45,95.53346865039283
27,46,78.6903386255295
27,47,31.540689574801274
27,48,68.81347060865421
27,49,43.760312405539196
27,50,25.467062204605117
27,51,84.08715794259226
27,52,3.8426348962324997
27,53,90.17619921354235
27,54,46.147746462473414
27,55,63.72014768082804
27,56,65.93539222057827
27,57,89.51177407065364
27,58,63.66696821672073
27,59,61.39335847600618
27,60,6.665204056068996
27,61,51.84080219452041
27,62,15.016900081704165
27,63,73.74337687214856
28,0,51.22219208126745
28,1,68.02277792083532
28,2,4.167290060238427
28,3,8.479201604580322
28,4,71.63233880626822
28,5,7.208433599867337
28,6,7.12567277652586
28,7,1.210847523488745
28,8,95.65013982994802
28,9,73.75083594590069
28,10,35.32514085020642
28,11,29.65355812876552
28,12,34.97032297458495
28,13,77.46535311811819
28,14,66.13706110704143
28,15,18.519556786746794
28,16,17.410933533408436
28,17,9.839564971339732
28,18,66.03027197013381
28,19,76.43726622217359
28,20,26.5046428325004
28,21,2.094496103091281
28,22,8.217166747642734
28,23,96.78600348450304
28,24,29.544477747742025
28,25,76.92231478381336
28,26,62.46635688542638
28,27,38.19396396528959
28,28,20.56872621955551
28,29,12.138641815940643
28,30,61.50129680388666
28,31,77.4633780637788
28,32,64.39042535411306
28,33,53.030213324915835
28,34,4.195122343163627
28,35,96.84887775943838
28,36,79.87141916545745
28,37,29.282203670096475
28,38,97.99703293588506
28,39,60.18815896363221
28,40,58.24226582072465
28,41,74.8073179429532
28,42,81.17697880901376
28,43,65.64786073315027
28,44,12.809574636620003
28,45,33.82675059944984
28,46,92.80836403260497
28,47,22.461561184385193
28,48,37.21670238375133
28,49,43.2076882944196
28,50,43.940498969445215
28,51,61.29395824945255
28,52,94.30758377447076
28,53,24.069271183250496
28,54,12.150137630091805
28,55,19.747048985993732
28,56,88.69249002092695
28,57,64.5810812655206
28,58,28.590678923916013
28,59,81.59469389686173
28,60,86.1369996363436
28,61,84.6514338690278
28,62,91.89265336395545
28,63,25.224102017336158
29,0,75.50419287462783
29,1,46.053949727414
29,2,84.19985528900615
29,3,72.84906771616131
29,4,77.64474464997247
29,5,65.61618376810715
29,6,17.742876946970686
29,7,54.502691889693835
29,8,98.46697395245081
29,9,93.73880664971189
29,10,4.317373579701167
29,11,16.481481572943714
29,12,13.172877345456191
29,13,72.59799099852955
29,14,81.77853298569451
29,15,21.35113663106719
29,16,50.5852692951829
29,17,84.07030280112
29,18,73.28015447662506
29,19,54.223720549184826
29,20,59.03476904587729
29,21,50.83605469162799
29,22,29.754845131882057
29,23,56.50219928590161
29,24,68.88853020500906
29,25,87.33229158608077
29,26,63.629135397924806
29,27,76.1121537043158
29,28,16.0071634954573
29,29,46.15574744197899
29,30,0.9331619827093296
29,31,24.667886452162303
29,32,72.64617151130048
29,33,99.18099513493634
29,34,9.917809958721591
29,35,40.14943158612883
29,36,80.00709686991596
29,37,20.403563462889885
29,38,55.50849493022862
29,39,73.30712960296748
29,40,61.5985450260179
29,41,18.802473461541613
29,42,35.538456868573945
29,43,78.37917844853972
29,44,55.42265141320166
29,45,0.5229613542912737
29,46,76.09907600280938
29,47,3.531135494023907
29,48,74.57337827312321
29,49,20.24805601652374
29,50,95.80734801193802
29,51,36.79407513020845
29,52,32.69316163380791
29,53,14.888805033244468
29,54,30.560421549021488
29,55,87.66507618282006
29,56,99.63343376272474
29,57,36.83095305068483
29,58,44.861063095454256
29,59,72.2070938202737
29,60,88.61957804650746
29,61,59.304433418678414
29,62,39.15256981778293
29,63,41.262184084862376
30,0,69.56181464968068
30,1,0.32182636042786816
30,2,61.95893374598407
30,3,35.54930104413574
30,4,79.41973312770843
30,5,9.299063982313216
30,6,58.82022669483905
30,7,48.09728898861238
30,8,64.23255259052274
30,9,6.485359448296835
30,10,57.99837874281313
30,11,56.14845879595237
30,12,56.06600944161709
30,13,60.34876665964548
30,14,67.64679372263622
30,15,80.49889996807697
30,16,26.982072012821433
30,17,82.5049410180062
30,18,49.82556822634536
30,19,7.705827913433117
30,20,5.85509292439792
30,21,33.42383186960608
30,22,78.48969771114676
30,23,70.76809347409157
30,24,78.86149646724064
30,25,51.72690564416094
30,26,44.01989979554906
30,27,14.745252670628394
30,28,32.81927536093116
30,29,43.40193661738753
30,30,8.860042967961723
30,31,22.061195271121125
30,32,59.82252940637388
30,33,73.56631142391899
30,34,99.83475113929497
30,35,93.31133313435576
30,36,64.25651995351916
30,37,42.1248053294072
30,38,63.617736470823274
30,39,78.56516180802319
30,40,11.833619092338733
30,41,40.99048896962883
30,42,83.98022856356172
30,43,38.3832951933044
30,44,57.18722712271865
30,45,58.77693608621982
30,46,18.447625313363936
30,47,36.22354416522884
30,48,33.451128874193216
30,49,2.6196708532064794
30,50,2.4191763891355245
30,51,83.16970436757735
30,52,27.30708099728124
30,53,51.80787662388154
30,54,29.872557358877305
30,55,94.06792451153404
30,56,25.929675886577375
30,57,42.96568127389351
30,58,87.27302504846018
30,59,84.19335667918087
30,60,18.610141784627732
30,61,80.26433097957104
30,62,45.81868867378927
30,63,48.29688720853552
31,0,13.347997241594378
31,1,8.060151375712465
31,2,72.79393069737652
31,3,49.646115235529976
31,4,43.68507026151796
31,5,72.95082286523967
31,6,76.55128989911097
31,7,15.890816766935355
31,8,61.02251494776413
31,9,13.535408227768553
31,10,75.13750860290457
31,11,65.69551562671396
31,12,95.6614621083458
31,13,6.895801635642118
31,14,5.705472115125431
31,15,28.218707469320016
31,16,26.170568373590598
31,17,24.697879907199983
31,18,90.62545805210367
31,19,24.95461998495061
31,20,27.1949726128631
31,21,75.93982624179637
31,22,44.973984245054
31,23,77.67105569551812
31,24,6.536615756438524
31,25,48.75711936733843
31,26,3.3613600183282633
31,27,6.265320345535452
31,28,90.64374533444109
31,29,13.924537111759516
31,30,53.24206822752171
31,31,41.10956026007065
31,32,34.73433262588427
31,33,89.98333456872724
31,34,2.18233967754895
31,35,66.37896861755891
31,36,96.33944342135504
31,37,56.016818346184195
31,38,93.68224620330918
31,39,5.225787928602377
31,40,41.87933190741614
31,41,26.015779096205115
31,42,73.08209649807299
31,43,98.12970904972467
31,44,25.65300624442478
31,45,65.41746014740745
31,46,19.809763275974014
31,47,56.53302545716099
31,48,46.39324866883362
31,49,97.2005329631537
31,50,60.85272726964666
31,51,34.950637208681876
31,52,11.409578488793336
31,53,15.124682873493455
31,54,22.53169299512351
31,55,25.0966661340298
31,56,85.06160578411378
31,57,56.12227882825249
31,58,52.33909113743665
31,59,11.476887186921747
31,60,86.0139693349435
31,61,72.28143032084837
31,62,6.766836190000158
31,63,70.78350972297687
32,0,54.353821734264606
32,1,8.172534574677826
32,2,45.830064152865646
32,3,48.469628713004695
32,4,16.577454016327575
32,5,94.56981470002823
32,6,84.99753714806619
32,7,66.90223373291083
32,8,46.22955610006072
32,9,41.17655415845085
32,10,65.09734671509541
32,11,54.543186940690546
32,12,6.227310588188562
32,13,51.25026487703317
32,14,80.64036172328395
32,15,45.923987759695805
32,16,5.195657755426842
32,17,78.6278199384033
32,18,20.13637821359744
32,19,25.862083488803876
32,20,16.47063534322959
32,21,33.02150648714976
32,22,75.6751505688635
32,23,51.93858595039374
32,24,20.488127415071254
32,25,87.78300781520409
32,26,87.95818549515292
32,27,87.05784250460069
32,28,23.87962113815393
32,29,45.12393441809881
32,30,98.49896561408751
32,31,77.20124763099903
32,32,2.716742122555982
32,33,6.5204591260492055
32,34,46.39313768123328
32,35,90.92202058615601
32,36,53.870179795271426
32,37,49.781250803429025
32,38,10.547369995663058
32,39,65.6780104724294
32,40,82.21031606002255
32,41,38.04200075075623
32,42,77.56118509253275
32,43,96.44766539008116
32,44,20.376645912768907
32,45,52.33296311947413
32,46,28.713795808457554
32,47,79.28544190338394
32,48,57.75933658811575
32,49,63.45824175503038
32,50,79.79141596158941
32,51,39.59704726624549
32,52,91.50900684070432
32,53,53.302886724614
32,54,15.7954822835348
32,55,69.58991181688025
32,56,79.32613504382545
32,57,31.67616770675267
32,58,85.7179256998753
32,59,90.61432547657664
32,60,27.690448737780894
32,61,98.3521472715222
32,62,14.071152804875842
32,63,20.201566840248997
33,0,18.422483923802613
33,1,89.39897100078704
33,2,65.42925523249619
33,3,15.210428322227287
33,4,44.032341836834895
33,5,61.529802506980204
33,6,8.34640849893833
33,7,88.24163684073388
33,8,80.36035354415351
33,9,50.52067735766382
33,10,96.71266152591704
33,11,41.77609792750997
33,12,98.41103190364979
33,13,66.79199988036271
33,14,63.467127325394145
33,15,16.5954895295785
33,16,88.1927758304644
33,17,42.74896879206152
33,18,16.223340578247935
33,19,1.260751997575904
33,20,55.975568363838256
33,21,52.739962212267635
33,22,71.93536223691585
33,23,89.02580530178021
33,24,7.9406584643029525
33,25,73.14964903403623
33,26,18.741194409758222
33,27,85.8177053157164
33,28,81.90635138616561
33,29,54.07937549855444
33,30,71.02427986233116
33,31,31.43501131837484
33,32,47.116789893281464
33,33,82.16368977104716
33,34,45.92651971732139
33,35,35.77982653254418
33,36,49.421244725029986
33,37,82.82492524372184
33,38,33.520804737087275
33,39,17.37615931357438
33,40,71.20140203307808
33,41,82.59782127080818
33,42,10.063747852353334
33,43,23.98741127559447
33,44,14.19719897609939
33,45,34.79414115821666
33,46,45.035097890541266
33,47,74.88263369633064
33,48,65.11475848816741
33,49,62.092856747843115
33,50,35.23749466096544
33,51,84.144755308476
33,52,47.128716739816454
33,53,97.91049380151546
33,54,63.41421382957368
33,55,12.626474156450273
33,56,67.6177562075434
33,57,32.5104015431699
33,58,68.63271966860974
33,59,6.964114816240574
33,60,17.48814371759594
33,61,85.57372589057863
33,62,22.71795570235149
33,63,83.704112524294
34,0,27.927608845441043
34,1,64.28819100587077
34,2,69.4150573509831
34,3,51.265475314505295
34,4,30.531067669673128
34,5,21.264437637109612
34,6,3.318935456242622
34,7,30.39464012407238
34,8,65.3162790531283
34,9,93.83048184484826
34,10,87.1204482263052
34,11,76.60647765353026
34,12,78.84473432532987
34,13,66.49849034759953
34,14,26.0286857566003
34,15,90.71950307058299
34,16,67.0732311905834
34,17,56.04406309804399
34,18,11.098946921348107
34,19,44.70555438064254
34,20,46.03582712019263
34,21,86.45636095226699
34,22,54.66482201877885
34,23,38.04005489704097
34,24,97.68003285106593
34,25,11.072059332631568
34,26,42.25484283119446
34,27,4.202467517140529
34,28,73.99041207669303
34,29,91.80765521991506
34,30,28.003732955048942
34,31,85.83416767991208
34,32,29.221823046189776
34,33,91.07701616439152
34,34,75.3961903596784
34,35,80.49067768414386
34,36,1.80065556004545
34,37,96.2810357074026
34,38,72.66709920703232
34,39,30.47510953861333
34,40,82.9394664858847
34,41,28.152119841492997
34,42,87.2753839566128
34,43,11.258039041193701
34,44,70.36859774607957
34,45,54.069847664491036
34,46,9.653447019544082
34,47,24.189382825883897
34,48,1.240403627731479
34,49,46.876796546450585
34,50,30.126526076000037
34,51,59.83574842977588
34,52,29.72378077086172
34,53,29.99191115069847
34,54,74.31931987316034
34,55,4.814283597835345
34,56,90.28949951919873
34,57,85.22638743911814
34,58,66.78046832264066
34,59,59.32215701073843
34,60,89.23024981396523
34,61,18.533017952871443
34,62,7.896916219082861
34,63,23.95101699095381
35,0,79.45782787001903
35,1,3.4670266726483323
35,2,58.280683508348964
35,3,99.54375161913099
35,4,85.56960938375394
35,5,52.14456890435895
35,6,6.364090928664234
35,7,83.13735143857099
35,8,59.89785081772106
35,9,11.493299705956684
35,10,9.38572848233562
35,11,90.96268194365923
35,12,66.92002629380784
35,13,82.92867993167555
35,14,87.89789002822673
35,15,57.17723520483222
35,16,51.74463517550413
35,17,43.042741032099016
35,18,31.69465877911193
35,19,43.459596085871176
35,20,77.38796557301563
35,21,60.19234310151316
35,22,89.2523289954846
35,23,44.33800143791877
35,24,60.7089578718754
35,25,63.130755309198875
35,26,59.16971623063255
35,27,70.26337730855164
35,28,23.74334683748063
35,29,51.23637775457907
35,30,10.422480280834767
35,31,38.45113276448126
35,32,48.76670686212644
35,33,65.22242595454725
35,34,95.05310525862035
35,35,60.06510665483559
35,36,74.35939161765597
35,37,50.626605949520275
35,38,63.41040313763313
35,39,7.093221613377343
35,40,25.439158084184697
35,41,36.185309320513866
35,42,47.249335500651355
35,43,4.564874550238374
35,44,14.002409755331769
35,45,27.68143077913058
35,46,97.15326909010507
35,47,33.134700710305076
35,48,48.20410581120825
35,49,19.609771273839293
35,50,61.07800710757682
35,51,28.068321551597432
35,52,20.699257843842677
35,53,51.65726284459791
35,54,0.5505799160420821
35,55,0.7664032649225327
35,56,21.906880910185777
35,57,3.672136250082114
35,58,10.802575413069137
35,59,33.88606493387516
35,60,80.25856795798128
35,61,57.204864336930086
35,62,51.26677259564164
35,63,29.348882320812166
36,0,93.17537194328163
36,1,39.70150412371917
36,2,8.70927667957715
36,3,61.70665161178013
36,4,11.38383934766014
36,5,34.52231428016921
36,6,50.74119387178089
36,7,87.42225246851758
36,8,49.35465803401187
36,9,70.22587660316643
36,10,99.28168389990704
36,11,13.148911989798162
36,12,27.47315255195195
36,13,39.45760755976464
36,14,42.18281785388314
36,15,41.102107526554576
36,16,90.76110025565549
36,17,71.40326444668564
36,18,60.79052140907037
36,19,30.93727178627821
36,20,82.37903842212947
36,21,95.5060511484989
36,22,82.11982825502265
36,23,0.15651051914729042
36,24,63.6401370183407
36,25,5.1135381442100725
36,26,25.760722033372186
36,27,5.952470034777169
36,28,60.37954529493877
36,29,68.65899134926067
36,30,11.448763806590511
36,31,38.38388830449795
36,32,45.6236508955542
36,33,36.90530217609166
36,34,12.102500048519305
36,35,41.89477901874754
36,36,75.11780478084181
36,37,7.100766453325546
36,38,8.018001408190345
36,39,35.47712918359842
36,40,94.1725711618925
36,41,66.85726467229141
36,42,67.86699566725648
36,43,36.1919990837865
36,44,59.36607912085384
36,45,1.0131184027743378
36,46,63.60960464095422
36,47,91.32869475762368
36,48,61.25734683448192
36,49,87.3698593466345
36,50,72.39730554660937
36,51,12.055841640369025
36,52,90.24533072858418
36,53,6.644384435577488
36,54,53.39674725477638
36,55,14.213712379345766
36,56,1.1706610730904066
36,57,42.2034260127639
36,58,29.504070765415623
36,59,48.6000493797603
36,60,57.71998867345508
36,61,4.373907230894735
36,62,12.300329512374564
36,63,55.86423964504254
37,0,34.316735317265824
37,1,72.9173487549448
37,2,65.22916485919397
37,3,84.56043629899068
37,4,69.24928266692253
37,5,42.99310773901481
37,6,67.29666223944324
37,7,27.538117425541852
37,8,30.63134987782127
37,9,78.89851599207933
37,10,44.64195164015822
37,11,79.83803405183525
37,12,82.24223736682784
37,13,85.75623376612837
37,14,91.66352358412072
37,15,43.098522051329624
37,16,31.886681832113883
37,17,58.21987465941139
37,18,37.117242343762754
37,19,60.1074166800233
37,20,70.55858626438246
37,21,68.84050184921368
37,22,37.45528870201213
37,23,16.68602016987528
37,24,43.05293384622075
37,25,14.259414408190874
37,26,89.00970351838083
37,27,34.58774607378574
37,28,15.445974722332378
37,29,2.5447759905750877
37,30,64.58223862864843
37,31,63.69023174547432
37,32,34.060416658129164
37,33,7.171188884765101
37,34,40.9628894895232
37,35,31.12174950633936
37,36,67.71206397350093
37,37,60.57792494526903
37,38,36.459372819754
37,39,21.78925542549901
37,40,98.80359661555919
37,41,45.40016211961149
37,42,68.82742357802371
37,43,14.055296757836079
37,44,48.55896996593978
37,45,2.7536719869465487
37,46,50.545511791044994
37,47,96.40174071177023
37,48,38.420671298580025
37,49,3.8996012574911587
37,50,3.095579091934353
37,51,38.798675994686946
37,52,16.002493646319405
37,53,2.335209632818591
37,54,75.62136139501769
37,55,45.85230088818907
37,56,28.924477197265453
37,57,90.00831830164807
37,58,11.613896020052561
37,59,95.59188289553192
37,60,31.396671737735282
37,61,88.84036723086813
37,62,60.294287647946156
37,63,82.67073597414874
38,0,98.40131632104642
38,1,28.840543781874572
38,2,96.1135485407593
38,3,38.94818949024204
38,4,38.55119047369223
38,5,34.03871042545057
38,6,54.14076073475852
38,7,15.41450431784871
38,8,55.37114853580112
38,9,54.1704812410004
38,10,76.190181260487
38,11,83.36499619375856
38,12,44.044135031242405
38,13,30.233324935149376
38,14,25.933489731709447
38,15,19.462383670487192
38,16,5.764758219902488
38,17,34.244797883471335
38,18,27.024769213078326
38,19,96.64173858664074
38,20,55.77088262500439
38,21,34.72770390305075
38,22,58.0467600993696
38,23,13.91967013456955
38,24,44.40437492022029
38,25,62.62343214210638
38,26,48.889783179245136
38,27,40.177880065432426
38,28,99.38483888996981
38,29,88.0314762148927
38,30,62.34059581594401
38,31,56.93773611822828
38,32,62.06604798245841
38,33,20.131210782243325
38,34,39.51377432643186
38,35,3.945953289089932
38,36,47.554603748682666
38,37,54.302458395766315
38,38,22.77497361032096
38,39,96.40288471655137
38,40,90.9454610937242
38,41,72.21432354559059
38,42,53.33866287653626
38,43,86.99691596476849
38,44,13.065234382346292
38,45,79.0509794274885
38,46,12.48208139668483
38,47,79.42106625494054
38,48,27.576756825135696
38,49,87.7090581018189
38,50,94.40420938253979
38,51,14.879596940511563
38,52,46.267560506539354
38,53,98.09873781626851
38,54,48.34074359731466
38,55,86.35475225145451
38,56,58.87315221313199
38,57,37.53299079196019
38,58,28.57835555258702
38,59,20.322309108608728
38,60,76.17981913776973
38,61,38.65405068230279
38,62,51.12754622007512
38,63,49.23254800011819
39,0,57.727902923313124
39,1,86.55771456245522
39,2,98.07393435834294
39,3,40.758420857381694
39,4,82.7518922106303
39,5,76.45277946547176
39,6,57.352895145557326
39,7,95.60471436119332
39,8,20.04745155284028
39,9,10.92642103096214
39,10,85.39619669554222
39,11,43.91498166337483
39,12,84.69688542070605
39,13,89.30902051954149
39,14,6.245759361907144
39,15,88.34647629860606
39,16,44.831905536942216
39,17,51.04324890042322
39,18,62.659251109321026
39,19,92.63826067300867
39,20,1.911609442976403
39,21,47.68434683178171
39,22,68.77220424305607
39,23,72.27069576982285
39,24,69.2532431537108
39,25,13.443512940812186
39,26,29.93955883716812
39,27,35.87155254170135
39,28,80.4437207679505
39,29,27.875987241455302
39,30,21.070496386720315
39,31,95.74480190380962
39,32,0.88632851134689
39,33,99.78208556819781
39,34,67.68212988573956
39,35,82.84692994491171
39,36,29.461939634619316
39,37,1.4315277667059978
39,38,73.78695185615301
39,39,83.41445970006758
39,40,74.04761319535191
39,41,14.285028730083859
39,42,75.34279222569691
39,43,76.8922782107641
39,44,65.85405156700548
39,45,76.61159327955862
39,46,84.59214396777321
39,47,61.360411423745845
39,48,8.860471396967906
39,49,48.76278096672109
39,50,7.764933467160507
39,51,40.75430310324308
39,52,40.71064891256276
39,53,6.600984414024158
39,54,34.88205339694793
39,55,11.099809879131485
39,56,80.82352100092221
39,57,94.76880259644707
39,58,7.231647525793861
39,59,95.51152072917014
39,60,52.25765993367452
39,61,29.95656779538739
39,62,7.686207527616351
39,63,50.06242680704178
40,0,79.45155444907486
40,1,70.70864772666981
40,2,5.022601146397376
40,3,7.290183536790352
40,4,40.28732826326371
40,5,29.52904940479433
40,6,23.238432305604782
40,7,28.10044989087136
40,8,80.34827432968846
40,9,92.92280536318539
40,10,40.510269452756646
40,11,90.61110021324971
40,12,32.1495701247882
40,13,47.64369863437916
40,14,22.602899781599973
40,15,64.0476042175844
40,16,97.89811151748088
40,17,60.34930960433786
40,18,35.78140841135489
40,19,64.78174459905284
40,20,12.292067846538757
40,21,88.86590802653987
40,22,50.30839507798363
40,23,44.93497420396421
40,24,58.58647884535192
40,25,62.47838627894025
40,26,7.177580622651303
40,27,68.26172212234025
40,28,24.193168031552958
40,29,71.39526325065899
40,30,82.25347943841967
40,31,80.39585075525203
40,32,55.25009674078891
40,33,52.016989231075115
40,34,14.287596133941172
40,35,77.53461504031355
40,36,27.140938044671437
40,37,49.669542281794655
40,38,28.42740929275167
40,39,13.382836299969314
40,40,62.95576968917366
40,41,5.4332034822903825
40,42,74.86452341262
40,43,31.758679526111667
40,44,0.013469300448532007
40,45,51.11291392372298
40,46,4.6851908527603126
40,47,27.616955782089946
40,48,70.69764874557161
40,49,6.268962162186586
40,50,83.93384923560023
40,51,0.3819922658583108
40,52,24.682386920190226
40,53,74.09040561520715
40,54,31.627014972930677
40,55,10.189238806601352
40,56,36.02339188004279
40,57,27.039328638452552
40,58,84.27119021605549
40,59,31.334791758514314
40,60,78.89324717760073
40,61,89.18721448107347
40,62,43.381741957652956
40,63,90.9943143854392
41,0,37.73180539631929
41,1,96.40784164901082
41,2,8.928952452557294
41,3,68.70192665032427
41,4,49.38140404569287
41,5,38.76488054556471
41,6,63.27118787486009
41,7,70.38570916343312
41,8,0.43632696503090873
41,9,16.69530887471987
41,10,71.30460506343186
41,11,66.63854135782064
41,12,96.60475051286772
41,13,76.1037790250783
41,14,95.0772707731338
41,15,70.25405015348069
41,16,29.805220863944314
41,17,10.536492225085647
41,18,78.18238633449356
41,19,64.4149221475916
41,20,4.818601239329623
41,21,36.005046590097834
41,22,95.67998154842861
41,23,50.04011457102012
41,24,43.272913601970465
41,25,45.7699605159294
41,26,20.88827240051637
41,27,36.87071708647952
41,28,36.98132559871766
41,29,5.2355020187472405
41,30,76.75676285179182
41,31,41.6504431903879
41,32,82.21798868164232
41,33,85.03480011198954
41,34,21.199405469865805
41,35,65.73534821701286
41,36,47.22818041629817
41,37,88.0156737921485
41,38,21.57406791764541
41,39,67.78132003100443
41,40,60.775212225272256
41,41,29.53014775718328
41,42,13.660090365117261
41,43,65.16397604772766
41,44,73.85974581323308
41,45,31.562734376335
41,46,64.48326040223138
41,47,39.51309076115032
41,48,71.32068832826177
41,49,19.92152748940531
41,50,89.02150026361744
41,51,28.74095964655797
41,52,36.77859877561529
41,53,5.8091952080349785
41,54,11.15122123212764
41,55,51.58619027123281
41,56,26.75926767279715
41,57,83.54802257421944
41,58,1.4693388654953843
41,59,37.90940486719362
41,60,33.73455467690927
41,61,1.9327630917601035
41,62,12.436839900051023
41,63,41.36426749186353
42,0,49.28645844474466
42,1,40.42897472548691
42,2,53.093767841209385
42,3,59.51316749056815
42,4,0.992382112783563
42,5,46.409515945350385
42,6,96.34992408875883
42,7,51.90322801295487
42,8,67.75422674589532
42,9,31.18638579168832
42,10,77.39913781527625
42,11,77.2921481876115
42,12,52.129604765413895
42,13,97.60138232792136
42,14,12.555021476265338
42,15,1.6947664889580993
42,16,77.0158211757096
42,17,80.71555373648826
42,18,12.020722912057625
42,19,26.55828329586061
42,20,1.755236336662891
42,21,29.33086107805647
42,22,77.31418739186715
42,23,51.79605277125789
42,24,34.80955931682881
42,25,37.17392949063303
42,26,0.1353625715468154
42,27,29.98005275652359
42,28,64.64587416379305
42,29,97.41944438163571
42,30,84.70608269838995
42,31,2.3594964645529126
42,32,89.85606046748393
42,33,78.3198413298626
42,34,78.03761235709804
42,35,45.79957590035715
42,36,39.80052929545028
42,37,30.29157288331926
42,38,6.569485895436578
42,39,22.82353634936991
42,40,24.66036349780246
42,41,48.40770697102016
42,42,74.7444406596694
42,43,47.38098283979466
42,44,5.784444944716061
42,45,95.77898009882038
42,46,94.27243190941122
42,47,78.51895431484084
42,48,99.13279015642206
42,49,54.448233280026294
42,50,96.27683502532061
42,51,7.560504061675077
42,52,36.568074826137135
42,53,22.538126800676583
42,54,19.583308413427
42,55,14.08029488926761
42,56,62.241364156599666
42,57,78.1321855747305
42,58,57.82983994203607
42,59,14.696270958820968
42,60,81.11237699334708
42,61,63.59547071637285
42,62,38.81657061269955
42,63,67.4130295536063
43,0,25.990497924283286
43,1,34.51922084942105
43,2,91.74858431319902
43,3,29.05045056714204
43,4,46.99882681579366
43,5,89.01411373960147
43,6,70.77213502675275
43,7,6.220322616470275
43,8,14.730304427897034
43,9,0.7841590771916818
43,10,63.09217902291634
43,11,44.767342541041835
43,12,13.427485090227552
43,13,95.79341210567705
43,14,52.96597239456199
43,15,24.189329411288917
43,16,50.06035711547076
43,17,67.96203327351078
43,18,7.623921797356448
43,19,27.4703815047892
43,20,80.69654908839937
43,21,45.966487040266124
43,22,54.65771420322949
43,23,43.28160022094693
43,24,4.389994264300512
43,25,16.574977982015593
43,26,44.554163874189086
43,27,20.918546540792782
43,28,4.997902865967873
43,29,84.36496640518237
43,30,98.11925291641158
43,31,79.31428739967394
43,32,85.3784921704667
43,33,24.197713031704538
43,34,96.06269755131997
43,35,19.692570445342838
43,36,95.14298103618323
43,37,99.4819293965951
43,38,71.17228057460487
43,39,98.1143731791822
43,40,56.95397795671037
43,41,25.954178317609035
43,42,43.699588566562085
43,43,59.35609353787859
43,44,7.308156202701499
43,45,62.234326461724606
43,46,98.11778367622945
43,47,19.010764978372762
43,48,79.25951162883833
43,49,90.78987937796194
43,50,94.37015928202209
43,51,96.01356044054472
43,52,52.14596387214719
43,53,97.73079079915037
43,54,75.73102071344388
43,55,16.16714362369619
43,56,47.690010646797
43,57,71.8331175372004
43,58,24.734031581908333
43,59,64.06151835488873
43,60,66.66004790466192
43,61,16.26997438085659
43,62,56.50853124527563
43,63,77.16269109786077
44,0,49.88956645359419
44,1,1.2103116776107425
44,2,0.9038469079292177
44,3,35.702934397001215
44,4,92.6194068431782
44,5,22.867677960360876
44,6,63.43636888716871
44,7,22.207587069332057
44,8,32.16699896595486
44,9,84.8042089601484
44,10,72.88614422699469
44,11,9.539927731321063
44,12,42.87020209864336
44,13,2.916976364526447
44,14,48.0890146603009
44,15,66.24340117010681
44,16,11.850262359815156
44,17,28.888493890916568
44,18,39.783662550215695
44,19,91.95310246560497
44,20,99.32550154229641
44,21,4.491129899561585
44,22,76.1007923495392
44,23,37.17240664023432
44,24,39.245818622948
44,25,75.42649733470228
44,26,91.84264321454087
44,27,95.09285945025483
44,28,57.712258603832076
44,29,35.71211593005028
44,30,78.75490858587793
44,31,25.100138326230027
44,32,56.40740288335178
44,33,35.85784615248732
44,34,65.66310737078761
44,35,24.03989128935069
44,36,19.159294573482576
44,37,91.8239086675437
44,38,10.18036829495369
44,39,50.595790773493164
44,40,22.085278296300892
44,41,3.892996332566745
44,42,3.601881829142639
44,43,17.522177210582733
44,44,86.67703545060003
44,45,28.247874397702667
44,46,95.04591705752958
44,47,58.16222929891936
44,48,43.66141897687661
44,49,58.00888346694546
44,50,51.669838522626776
44,51,75.87762537573252
44,52,28.249606597285226
44,53,35.30503916003024
44,54,89.40943025332507
44,55,94.64565131504055
44,56,89.25582274864745
44,57,41.94479939573136
44,58,78.03655030068816
44,59,47.63357333010988
44,60,49.75398521461022
44,61,20.468010905728395
44,62,59.113030325851646
44,63,18.613589775334795
45,0,33.15646990671938
45,1,85.50302016199352
45,2,20.707580921085523
45,3,7.115828517343282
45,4,6.90075926128163
45,5,94.07845205031079
45,6,50.69204379618346
45,7,40.941207181701834
45,8,81.08785810079185
45,9,83.5825927910516
45,10,33.21910331156046
45,11,69.36180574737952
45,12,77.11228158518865
45,13,65.46506868659546
45,14,15.159507480009937
45,15,87.5883083517057
45,16,53.90945527360087
45,17,28.24724263700037
45,18,42.52281854376939
45,19,3.757109039890738
45,20,12.786680122241755
45,21,76.55467505158609
45,22,0.0011634755366141114
45,23,41.65658284822922
45,24,52.251018108558846
45,25,5.4634420000972295
45,26,97.30781629723329
45,27,22.612533124967193
45,28,30.419871963628086
45,29,30.39425122550273
45,30,23.04166621173499
45,31,0.1473822086311416
45,32,72.93447940879963
45,33,96.68454997992853
45,34,22.429348328504506
45,35,66.30471918034225
45,36,74.18963269587151
45,37,84.84253790905247
45,38,42.262919701360914
45,39,30.293090564042924
45,40,32.52951340230311
45,41,71.26213330985128
45,42,81.6779466505636
45,43,18.161396775660265
45,44,37.09410081577652
45,45,90.19401967491501
45,46,80.66935196947392
45,47,98.48584027624759
45,48,75.42482596820807
45,49,39.319520102792225
45,50,59.06378339946377
45,51,66.10142542473203
45,52,7.845581631712395
45,53,54.44969591038651
45,54,70.93208284726096
45,55,16.732130400106037
45,56,78.06317174255571
45,57,58.37727805141116
45,58,95.22217856975946
45,59,4.24222982068917
45,60,26.5326137555467
45,61,60.15538792998241
45,62,29.65599122059307
45,63,71.44241640712423
46,0,75.9005282521931
46,1,10.251596406647446
46,2,51.38544642067677
46,3,50.889055559105586
46,4,36.92807702155411
46,5,93.29248625696721
46,6,82.75063198732212
46,7,69.72093819096368
46,8,71.43266357349975
46,9,46.17161438131191
46,10,92.09945210965759
46,11,69.45954272532853
46,12,72.89810616558164
46,13,86.16909037873452
46,14,27.4071589342191
46,15,80.7070903866703
46,16,19.524060295649203
46,17,34.53419522448878
46,18,33.56104542698427
46,19,97.85254683891405
46,20,85.65372237479268
46,21,70.11698615902597
46,22,72.70567616153902
46,23,56.20727944025711
46,24,94.70906671085191
46,25,49.62587528823615
46,26,38.05177098698945
46,27,16.3035336931591
46,28,78.6205652261058
46,29,73.44439320755914
46,30,38.43550385241349
46,31,2.519341395922936
46,32,83.89973277180107
46,33,1.1417983454073632
46,34,70.3699779629051
46,35,97.02571097260571
46,36,43.766132814820345
46,37,23.497340499595275
46,38,70.48710100433817
46,39,81.71281420155852
46,40,54.64303160778473
46,41,96.70352752561462
46,42,5.166872165796111
46,43,50.479559830452814
46,44,71.845394732255
46,45,86.2640471149179
46,46,17.925561190779003
46,47,80.00034817636814
46,48,55.27070757185453
46,49,39.65536819899632
46,50,13.171502857909356
46,51,86.52957589089124
46,52,15.727320817971535
46,53,30.978785920909925
46,54,29.004553196243688
46,55,87.14140341908544
46,56,67.2702994208898
46,57,79.66813971913723
46,58,25.046789879249896
46,59,62.48740996069989
46,60,57.17459831437487
46,61,83.28303767882711
46,62,90.60870604812605
46,63,1.2156771477386807
47,0,67.40199190587927
47,1,5.1835799119729025
47,2,54.88586650773559
47,3,28.76327290436782
47,4,30.67765995221412
47,5,35.29585034523566
47,6,62.12924490496101
47,7,33.40499656687692
47,8,73.26990505902803
47,9,40.45273855738697
47,10,6.835320030995861
47,11,78.37598424841073
47,12,28.5758324592706
47,13,43.276687959926264
47,14,68.54438832219016
47,15,33.2456157148712
47,16,5.658565614671563
47,17,37.39210470128136
47,18,94.44485826943034
47,19,64.17343972985582
47,20,67.1479148667207
47,21,63.22821536376399
47,22,19.899213895943678
47,23,41.833386410228016
47,24,75.09397983633183
47,25,10.137289755315916
47,26,27.785277608971228
47,27,27.631910846585363
47,28,43.2018927594506
47,29,98.0368740942185
47,30,6.750254668382194
47,31,51.870099438059505
47,32,17.936468201221047
47,33,97.06765454097442
47,34,11.33035047274642
47,35,40.36010023615913
47,36,73.78849848346061
47,37,70.45544280274453
47,38,42.272863689393226
47,39,34.652416795271826
47,40,39.76123785528706
47,41,26.42762631586393
47,42,20.53329387067998
47,43,48.303969755889
47,44,26.853375606760732
47,45,28.746166489725013
47,46,65.67560634745571
47,47,96.85373316998923
47,48,60.363720055937506
47,49,7.697946706496628
47,50,7.558361385406698
47,51,95.1423220845566
47,52,29.729079030733363
47,53,9.206698608247542
47,54,59.90445871503815
47,55,62.36487782902661
47,56,64.85048201186882
47,57,26.74020278575413
47,58,1.5110684214475034
47,59,96.50153694544719
47,60,25.089304569110247
47,61,67.60262880525475
47,62,70.66298698787095
47,63,61.00074170794857
48,0,31.290739421364822
48,1,27.109625376406576
48,2,59.76682827027031
48,3,86.60956336116915
48,4,94.67337289233956
48,5,10.590580440375764
48,6,15.482861259771985
48,7,94.47362587830797
48,8,73.65352283347926
48,9,88.29938248297731
48,10,20.263263413534315
48,11,58.758587110940184
48,12,70.11395944174737
48,13,68.01118854469726
48,14,40.81516908666981
48,15,1.5394891691308477
48,16,58.29260568042631
48,17,25.310153917960875
48,18,45.02542461428904
48,19,95.75810150838173
48,20,39.903531764243475
48,21,83.98016066644267
48,22,18.854060574925114
48,23,67.24604980250288
48,24,97.70069544389435
48,25,10.189310087293679
48,26,0.8319942227192012
48,27,43.35827926326144
48,28,9.26254830513672
48,29,74.83843496762313
48,30,91.45486638485589
48,31,43.402097270875885
48,32,25.871164215544095
48,33,43.44033190066098
48,34,72.3447817850001
48,35,0.9054161580370979
48,36,58.945398948469716
48,37,61.329168488737906
48,38,63.76882468959355
48,39,24.202207998087722
48,40,71.40527233781268
48,41,9.13914863317764
48,42,19.92703364668008
48,43,87.74700466544819
48,44,73.87231507265663
48,45,1.3745554011345251
48,46,24.83762603698002
48,47,21.440648299316457
48,48,27.080632803697256
48,49,24.755977027988642
48,50,6.252629574284574
48,51,45.894051659682034
48,52,73.27334747861651
48,53,60.67317247174364
48,54,67.28716685980798
48,55,8.114917853623915
48,56,95.14907101767872
48,57,83.84918338430248
48,58,80.50903184956627
48,59,82.29838050417675
48,60,93.27105081327613
48,61,54.42539661136977
48,62,20.02820178676259
48,63,61.678360785254114
49,0,74.2881493667939
49,1,73.79173933540254
49,2,52.14490241668801
49,3,6.845871933357806
49,4,37.11129384301278
49,5,92.07666084633573
49,6,58.4448909757426
49,7,53.83319432557134
49,8,26.885351438219352
49,9,36.84489199165789
49,10,89.53460891531692
49,11,66.64630475268358
49,12,78.73870267523328
49,13,45.434542306765515
49,14,63.024721945615795
49,15,24.838360874320752
49,16,70.54608302834863
49,17,42.76013337033373
49,18,44.25455148147456
49,19,64.93223245768817
49,20,93.62806214689266
49,21,6.400634660862092
49,22,82.47432373470076
49,23,29.238311041219312
49,24,44.391945450637785
49,25,2.1913328775008956
49,26,30.1046077834313
49,27,50.26312426301305
49,28,5.617607734743901
49,29,49.10957293831652
49,30,92.71106288584274
49,31,10.539321810780521
49,32,76.44407280755044
49,33,40.967105337599264
49,34,65.5173714524338
49,35,26.023659798522935
49,36,15.949226254135828
49,37,16.046261427122644
49,38,7.049194564314465
49,39,18.564670490124303
49,40,66.42193849889682
49,41,88.16906118435081
49,42,81.41256855911618
49,43,68.51343098744842
49,44,11.043186341110268
49,45,28.918744629594983
49,46,30.980687532246897
49,47,24.99569463976212
49,48,51.50056597097231
49,49,53.55538148796726
49,50,35.68859751711102
49,51,35.3789158736436
49,52,82.85555979060814
49,53,78.92928483196856
49,54,30.779583168074566
49,55,91.37884438732593
49,56,95.2815017002506
49,57,32.67425420300408
49,58,35.442494879305485
49,59,50.56341534219588
49,60,94.11208125336735
49,61,87.63194331423115
49,62,10.25679625835898
49,63,39.27307432714162
50,0,55.33711897497719
50,1,50.313247255154
50,2,19.38630679368927
50,3,85.88167711681547
50,4,67.69407829968374
50,5,83.79083748518036
50,6,85.87642793494722
50,7,74.83558536657398
50,8,43.92106012497173
50,9,61.054675501542455
50,10,16.036540611974313
50,11,67.36454174749078
50,12,17.925325573928074
50,13,69.39495905101568
50,14,22.959816075396866
50,15,11.755130015021997
50,16,16.52844901429574
50,17,0.1992135219070268
50,18,71.87396178535302
50,19,73.24010490583791
50,20,51.493334991325945
50,21,16.13628010553837
50,22,8.355433751068976
50,23,1.912896643728701
50,24,16.57481769652207
50,25,89.08555349831467
50,26,24.153684170168177
50,27,35.42713272172156
50,28,10.534548448133318
50,29,22.236130474817028
50,30,51.922457078020514
50,31,60.775268309565256
50,32,24.535231416621105
50,33,5.773215922511721
50,34,39.10328691273987
50,35,23.420337092633414
50,36,21.955392322980195
50,37,95.98628027134552
50,38,61.63004859257241
50,39,55.68784431720959
50,40,41.57751035233219
50,41,42.89443334301443
50,42,54.090500383808084
50,43,69.64298070361072
50,44,70.21460961818295
50,45,17.169390770544958
50,46,50.0112752076627
50,47,41.195809503410196
50,48,87.05269662693841
50,49,63.14189212183764
50,50,53.25040664159818
50,51,11.539464217891737
50,52,60.56378893234115
50,53,11.720390568023342
50,54,33.720657556575205
50,55,14.284196481433186
50,56,69.20736470243689
50,57,20.62521138361526
50,58,39.1859373188026
50,59,89.56747776187787
50,60,20.431638339897027
50,61,50.780506395877914
50,62,41.9271661166022
50,63,1.8124041045729733
51,0,79.27581135728128
51,1,6.904590631459973
51,2,47.42550209769536
51,3,56.06782949389499
51,4,62.842645661458704
51,5,68.86316293078755
51,6,25.327238352271507
51,7,0.9978776658449373
51,8,72.3443662354912
51,9,53.56565993475786
51,10,83.61177032072487
51,11,82.13883629006943
51,12,84.33261677878832
51,13,48.50946599795402
51,14,33.362839583686565
51,15,79.155820259137
51,16,45.12941130292549
51,17,18.34421964034345
51,18,85.49740195614743
51,19,88.25598767723473
51,20,46.63097561401701
51,21,7.569972730978747
51,22,38.782608991693124
51,23,80.35376594626034
51,24,90.17740285462287
51,25,20.347274249759582
51,26,6.697361202527152
51,27,87.73504531328386
51,28,38.94049389788753
51,29,54.176096426756324
51,30,96.80658120507589
51,31,6.656472791422285
51,32,64.83180074520956
51,33,7.410542257486707
51,34,37.54689284665004
51,35,80.38145451934467
51,36,43.34722327556344
51,37,99.71823539029504
51,38,55.905928494660216
51,39,32.11621526359535
51,40,22.011132590475313
51,41,35.05205342861618
51,42,37.25332737595508
51,43,6.8713677723960975
51,44,36.95741994267732
51,45,46.423851973922496
51,46,72.27377522388046
51,47,65.6729484721608
51,48,70.87656552291543
51,49,0.8363681876857099
51,50,21.766739958053606
51,51,66.16842883998565
51,52,48.398936817974715
51,53,0.5313475668345946
51,54,80.44946424318223
51,55,77.28095732903374
51,56,54.841916299356264
51,57,6.646332577627212
51,58,76.65150495325847
51,59,58.37135877313639
51,60,78.19599771579591
51,61,75.17469923958404
51,62,80.30020719578371
51,63,51.80080664046248
52,0,14.032451819351499
52,1,67.11574733796887
52,2,62.04737850519706
52,3,74.22531871990871
52,4,16.98810060507353
52,5,19.497519990028923
52,6,89.04095172193284
52,7,74.99777984520708
52,8,90.82284887003229
52,9,75.87153211639207
52,10,59.71553059903019
52,11,65.41327370278736
52,12,88.91279239400099
52,13,57.88067545119405
52,14,63.239132432838744
52,15,15.647671600360058
52,16,47.39212201161027
52,17,71.6397111958099
52,18,27.09426983163654
52,19,20.22541805245349
52,20,31.382680822441557
52,21,24.150062799283344
52,22,21.491263703639586
52,23,42.48508428680869
52,24,90.78385138835341
52,25,50.705964673871826
52,26,18.792038081532304
52,27,7.697166938087408
52,28,69.61561451379252
52,29,38.279876443638784
52,30,82.18309465853592
52,31,65.95107686407702
52,32,79.62414505413685
52,33,27.194603941844875
52,34,69.2358922461058
52,35,26.406198469371876
52,36,93.90684794502916
52,37,63.63742815333744
52,38,32.451180017534206
52,39,26.951186229227265
52,40,19.09265850716435
52,41,69.46409588937279
52,42,21.87156129979273
52,43,59.53032659274891
52,44,26.463502692535734
52,45,66.19689447938686
52,46,81.49397285405392
52,47,77.80252431446532
52,48,76.08513309307817
52,49,18.772240569225207
52,50,8.838494698451871
52,51,69.89488284873856
52,52,36.83472137943513
52,53,43.23462264033473
52,54,3.1149092793391064
52,55,25.95764492750492
52,56,3.3676403874464023
52,57,87.91857726012476
52,58,24.339668321853047
52,59,55.73371695730081
52,60,3.897932066113041
52,61,66.6847391305658
52,62,32.30273457540939
52,63,89.79191869576658
53,0,88.81181889340358
53,1,32.529061836174776
53,2,90.09608956904678
53,3,99.61576734987788
53,4,82.5415664123948
53,5,84.4871347755229
53,6,24.90087361090899
53,7,57.67023988577563
53,8,6.725591396736785
53,9,9.491793682166971
53,10,99.88926120332906
53,11,32.663924942591095
53,12,74.81839120488463
53,13,80.66650530268164
53,14,85.80232710072292
53,15,99.76282974021565
53,16,24.149648525686786
53,17,4.035082685969971
53,18,41.1191517994586
53,19,13.008066982894695
53,20,2.2425889162055124
53,21,36.04268271414861
53,22,78.37382510752364
53,23,56.61806912250709
53,24,31.277798921035405
53,25,65.43420054927196
53,26,23.20181803088107
53,27,1.4381446072085025
53,28,76.43533864364274
53,29,62.374308486400906
53,30,76.23026245009599
53,31,3.893801668766561
53,32,83.71196278306522
53,33,61.95262000363033
53,34,56.33953507126401
53,35,62.46140481145316
53,36,86.4433246868364
53,37,58.69365065589071
53,38,58.095037988817936
53,39,99.06791570657658
53,40,75.6730167068568
53,41,44.22938054511353
53,42,70.73970000329277
53,43,38.92304716917885
53,44,22.8875462483499
53,45,59.68518768877594
53,46,92.81820981139515
53,47,92.91395200154628
53,48,34.19052781054903
53,49,52.7677466221695
53,50,21.16358985698612
53,51,99.56311094988834
53,52,98.11179078679358
53,53,64.95089297074473
53,54,80.44140596774734
53,55,71.51001612837
53,56,59.31582190394682
53,57,5.3347996988897695
53,58,45.476434255266106
53,59,67.47863021674105
53,60,67.75316138836847
53,61,37.31226184223836
53,62,94.16919866580305
53,63,16.7357032236781
54,0,50.03594462155606
54,1,69.08839765508228
54,2,69.71358058918092
54,3,64.86389567688155
54,4,27.528821345186017
54,5,15.620656868662197
54,6,63.594032682671084
54,7,59.930211613943776
54,8,17.935601028924097
54,9,70.51391455705634
54,10,45.51719917336564
54,11,66.7760591603153
54,12,83.73670797701507
54,13,16.972842857692317
54,14,1.9144867996836679
54,15,77.91025863957867
54,16,60.96974251526159
54,17,69.96395696221217
54,18,83.81549749886426
54,19,80.28109348245005
54,20,96.09201469288247
54,21,53.59350788521182
54,22,48.84956326599054
54,23,40.18871998907301
54,24,15.369104284420454
54,25,57.26072328820224
54,26,27.70125243259788
54,27,92.13075122129754
54,28,58.31908042770976
54,29,59.284018050811014
54,30,35.492466087701004
54,31,5.198935197770749
54,32,3.174376537298862
54,33,42.33351441531975
54,34,8.456537809723786
54,35,60.68469555401391
54,36,88.09730056396575
54,37,88.29148165187222
54,38,65.90454101322324
54,39,21.1231831472931
54,40,86.29968313588721
54,41,88.60934353132082
54,42,19.66535849529587
54,43,73.74260857706773
54,44,28.651954892712293
54,45,80.26403123529296
54,46,99.72378999036027
54,47,3.0026005329392813
54,48,89.73658657909318
54,49,62.26305335986581
54,50,97.33826191648211
54,51,46.50095175264276
54,52,84.73879305713737
54,53,6.239406859827723
54,54,33.527905007829574
54,55,6.701653775120997
54,56,97.53431334790706
54,57,81.69739072718367
54,58,85.25474212459704
54,59,93.79652314338942
54,60,8.510348611978536
54,61,38.55975925133334
54,62,7.103488904400212
54,63,21.07931015500286
55,0,22.936577703767234
55,1,46.91072110475787
55,2,26.856216745364257
55,3,10.09781068177611
55,4,16.749108909410772
55,5,14.727556355209092
55,6,97.30767979122983
55,7,75.92925069184736
55,8,96.7761465269562
55,9,43.974048650790856
55,10,27.83684816626566
55,11,79.82931972091866
55,12,32.62539180411468
55,13,29.93833737053483
55,14,23.25059922078312
55,15,12.967897822423534
55,16,25.646306101676597
55,17,35.53197484738877
55,18,67.39942081457303
55,19,6.256484221945158
55,20,21.050693966534297
55,21,80.90236402916764
55,22,14.692192358377076
55,23,34.26451465225215
55,24,86.46589218581401
55,25,15.492531114344265
55,26,8.27368356181899
55,27,48.45379950800108
55,28,30.24195112785364
55,29,56.34083644838541
55,30,80.38048904834751
55,31,13.714848815274316
55,32,58.0699084554285
55,33,50.550876038986395
55,34,14.407878601319958
55,35,62.39984855289824
55,36,27.364041786077166
55,37,48.78343185440125
55,38,8.227232427706188
55,39,45.958405721362304
55,40,30.646346804282032
55,41,82.23812111853543
55,42,5.697872699736828
55,43,41.860727491832996
55,44,45.8431424131438
55,45,72.50060762991187
55,46,57.428757509021096
55,47,66.72123371941811
55,48,77.7049285651756
55,49,86.22029736581888
55,50,31.38754967224705
55,51,53.802270536390296
55,52,84.01080784391999
55,53,98.94511309650565
55,54,88.95193110437631
55,55,37.14672626243768
55,56,19.516651721865042
55,57,48.93925374065887
55,58,74.16414518360422
55,59,49.25690707532976
55,60,48.31808633136685
55,61,83.82304210818006
55,62,36.14037790671863
55,63,85.97946748116456
56,0,40.680480095172356
56,1,32.82331056783394
56,2,45.3989911199699
56,3,76.24469586748684
56,4,12.600202786399429
56,5,19.64192158720174
56,6,95.1444825663092
56,7,17.54916273813574
56,8,56.77273179310546
56,9,57.931446666193786
56,10,48.96244620502448
56,11,64.47452485768186
56,12,22.982672579761843
56,13,55.266226777674824
56,14,37.21732552468971
56,15,66.1667259629189
56,16,14.122354337314945
56,17,57.08774168394763
56,18,18.52703553833237
56,19,27.86430631150364
56,20,21.87098003235832
56,21,18.28377798688171
56,22,82.5710951560667
56,23,28.570756766089033
56,24,92.71237818644494
56,25,96.99265253451908
56,26,57.126046993709735
56,27,14.30011226657264
56,28,37.45482433795813
56,29,79.7732263348214
56,30,36.739072869707044
56,31,8.701721830278874
56,32,55.678491092818795
56,33,84.51208514960348
56,34,79.59263871435024
56,35,17.512314013035322
56,36,67.27646144124667
56,37,22.05042634356471
56,38,21.820753455217222
56,39,87.40717733051852
56,40,24.966895274023017
56,41,26.32473465180112
56,42,0.06533907612995549
56,43,87.06690341255177
56,44,79.25948132091347
56,45,62.7328935090678
56,46,75.02657639388423
56,47,15.20485674244918
56,48,45.832359458757544
56,49,35.121938734878086
56,50,9.37765262570165
56,51,48.61304852149241
56,52,92.07396503426354
56,53,4.005911905069448
56,54,29.14609134937939
56,55,20.754093620570345
56,56,23.81466536656963
56,57,90.84345518793752
56,58,46.806905423429015
56,59,46.62994129398188
56,60,76.05756424552823
56,61,15.44922040049258
56,62,48.72653541000508
56,63,42.99852141210597
57,0,59.69106905466561
57,1,99.95577032504386
57,2,76.9448894082047
57,3,39.78657030174272
57,4,82.75530522740469
57,5,17.070836331248017
57,6,3.0463686308960125
57,7,20.444837246427305
57,8,34.041155611425964
57,9,51.05807574595599
57,10,61.51291405411998
57,11,91.06057172144217
57,12,50.98540095504577
57,13,50.127564462572934
57,14,5.024300982298213
57,15,3.491155265622381
57,16,55.11599619163721
57,17,43.81786132483445
57,18,83.91803949802986
57,19,16.067958471184518
57,20,2.49716621170496
57,21,44.903876793012586
57,22,23.74785567522575
57,23,4.961437333883745
57,24,72.4598286847629
57,25,11.159299995724748
57,26,60.83195000077717
57,27,28.104975016688915
57,28,17.3496050355022
57,29,37.97515229193175
57,30,80.14457762229537
57,31,39.20935769045727
57,32,75.07696492110557
57,33,12.548629679915068
57,34,77.27714196650791
57,35,23.693332490664865
57,36,67.73931298888728
57,37,56.57815548409963
57,38,92.91447172116874
57,39,38.732251797531404
57,40,6.616518883444044
57,41,1.9155485551252904
57,42,82.6858560972753
57,43,52.473563766143215
57,44,77.52440518349492
57,45,23.44256000115147
57,46,34.50837455132337
57,47,3.010387221131894
57,48,96.14923245741122
57,49,66.78679067008134
57,50,93.32050877593062
57,51,26.549640742907233
57,52,61.146361122566084
57,53,67.84999682926379
57,54,31.754970025758844
57,55,84.81092350156301
57,56,94.71614629002478
57,57,88.48551176960044
57,58,73.90669759393725
57,59,27.746467972495402
57,60,28.161604210563173
57,61,96.3360320446038
57,62,1.0284495935692028
57,63,71.60499732421445
58,0,70.62461625552622
58,1,62.26895409497975
58,2,99.01088460868658
58,3,31.187943576372522
58,4,33.997186379324816
58,5,7.893940294655555
58,6,44.27981365437375
58,7,26.10485262348481
58,8,34.338670217764424
58,9,83.45717902556277
58,10,93.54845135274957
58,11,18.573307200518563
58,12,37.25089315534659
58,13,92.8630562115394
58,14,6.180846068922263
58,15,9.236052811137851
58,16,16.279098920622936
58,17,59.521283412687474
58,18,15.047227100599747
58,19,96.80763814507335
58,20,44.671452725852035
58,21,50.15179603501664
58,22,24.66586158054065
58,23,47.09602524347335
58,24,66.19136326370115
58,25,75.11771369540428
58,26,75.3868082709913
58,27,57.789111269408835
58,28,90.43597749938573
58,29,81.74078473061094
58,30,75.70481146986255
58,31,5.560552168046062
58,32,0.6877962219649314
58,33,21.244727719547296
58,34,66.35235939134523
58,35,41.119748888254584
58,36,40.24062592993117
58,37,88.45868882296138
58,38,89.55628481318388
58,39,90.91752640535857
58,40,31.38780765150273
58,41,69.10558127392618
58,42,27.163318127436963
58,43,19.060983307444978
58,44,18.463245734736923
58,45,34.2107620863594
58,46,42.99576197798217
58,47,83.09491710550684
58,48,11.98910934727121
58,49,73.49258473948942
58,50,53.14549141893053
58,51,28.794534267599246
58,52,49.281958453282456
58,53,29.994206977702266
58,54,59.608195523830595
58,55,43.38439228552442
58,56,16.440552907887874
58,57,11.658307455569672
58,58,54.66956820721302
58,59,90.24130332861034
58,60,34.395768655768556
58,61,73.30001072226231
58,62,65.8661354939767
58,63,93.1554914309481
59,0,82.09810172991409
59,1,56.660525890546296
59,2,65.70304982341074
59,3,89.83864665840349
59,4,39.95187845869348
59,5,32.679470585777736
59,6,1.081108363519634
59,7,82.65510741914642
59,8,80.0980700403365
59,9,10.445451810015138
59,10,57.68573811327003
59,11,46.398169816688736
59,12,11.870909550911147
59,13,98.05682270607235
59,14,21.469588746335543
59,15,6.723418009056115
59,16,59.48473795019096
59,17,73.88666771330327
59,18,3.2443446047186963
59,19,65.87176387270222
59,20,53.22918759514545
59,21,10.326500887504842
59,22,17.252387694636205
59,23,56.79742973160805
59,24,29.63576135132884
59,25,93.8315728651316
59,26,81.87402294840508
59,27,98.3567206513663
59,28,25.967083895041398
59,29,96.9723632797977
59,30,43.12338697915579
59,31,34.751879531375465
59,32,5.034952696935324
59,33,5.276525785960262
59,34,69.20112559466547
59,35,45.79289944340279
59,36,22.65216260361057
59,37,61.39703063252326
59,38,25.285811825011116
59,39,57.76317543444226
59,40,35.92087469826903
59,41,82.3552226611819
59,42,82.06961607667793
59,43,47.73503981224013
59,44,35.08191093350156
59,45,36.25597965590946
59,46,80.57145256682179
59,47,32.8179482797612
59,48,20.9059373706846
59,49,8.468834187530682
59,50,46.66931208844084
59,51,48.213209891984185
59,52,84.09087104029072
59,53,22.123869644606398
59,54,38.099127366839994
59,55,80.8405738893691
59,56,82.36236107489735
59,57,38.46110759787682
59,58,45.91240232866809
59,59,30.328589084928293
59,60,93.2554878419312
59,61,11.864376574158031
59,62,93.374942300147
59,63,68.38664518353433
60,0,53.15721526867312
60,1,3.2659060784495875
60,2,47.55961918220083
60,3,40.774810500273226
60,4,16.121881197512256
60,5,65.6409603500657
60,6,97.11509073682858
60,7,56.218881106452514
60,8,71.47532764439458
60,9,6.845045256601678
60,10,41.76669958169947
60,11,11.635848516449588
60,12,61.27958355365104
60,13,93.84821582141547
60,14,66.17777324716386
60,15,7.680304831442153
60,16,35.466620498508284
60,17,55.066337944085156
60,18,40.320775613325225
60,19,83.36440104751723
60,20,81.46710047099891
60,21,61.183102010322145
60,22,37.345794513270526
60,23,25.533637376324414
60,24,10.587431821312931
60,25,35.4897683486554
60,26,41.31725172077195
60,27,67.58229251040736
60,28,65.81598242975734
60,29,7.0108139641256955
60,30,39.525931543115775
60,31,18.177886721736193
60,32,15.68127053168057
60,33,82.73021497372459
60,34,4.191521671625753
60,35,41.91828759021213
60,36,16.82036557665182
60,37,87.9330215678474
60,38,55.704051327503514
60,39,23.1380636376848
60,40,50.24272871663764
60,41,73.14863597031159
60,42,95.81180089194338
60,43,22.044600424541894
60,44,88.61817721293451
60,45,93.43041141674902
60,46,91.64205445320663
60,47,63.54143568619099
60,48,62.982065443470766
60,49,40.32106331838228
60,50,75.23978823037879
60,51,53.12940183509319
60,52,67.74380712282945
60,53,42.84579038487954
60,54,73.14964640431391
60,55,82.4471517604549
60,56,14.64362566028161
60,57,83.2929715574228
60,58,54.029653179030724
60,59,84.46659090902243
60,60,43.13017063410146
60,61,37.904048538303506
60,62,91.50607325172224
60,63,25.11692675484013
61,0,84.42123252861431
61,1,48.40205725094041
61,2,51.40954425512597
61,3,30.8468281489484
61,4,57.30422006190157
61,5,32.52111962762113
61,6,3.926941424165231
61,7,27.199860534435604
61,8,0.6379043406590679
61,9,97.83547870568566
61,10,96.57472098197475
61,11,39.5155297472305
61,12,72.8370854339646
61,13,34.580609841042495
61,14,67.1093157085976
61,15,80.54300430459791
61,16,94.67562446922408
61,17,40.0212275849672
61,18,78.32979829560477
61,19,26.59284506321188
61,20,99.03323037936484
61,21,2.5769598764351143
61,22,60.3528806501121
61,23,65.95059816513272
61,24,68.80455570741289
61,25,12.038757878908902
61,26,93.85297834731304
61,27,18.11832790500828
61,28,62.27534032398411
61,29,22.267607912308495
61,30,30.72164170212709
61,31,54.645854172812435
61,32,41.719341856457646
61,33,16.02256009765063
61,34,17.093640242084827
61,35,41.814478816279966
61,36,75.72829782755008
61,37,89.79646468477885
61,38,8.412766225938284
61,39,39.310390755940105
61,40,10.024556372287662
61,41,1.6592480632597884
61,42,66.17186826439566
61,43,60.24494419665878
61,44,16.301911381488623
61,45,23.38128330930641
61,46,2.370775364451838
61,47,83.49472056944037
61,48,97.46905960485515
61,49,13.545953679469081
61,50,23.147521376529813
61,51,86.8409523946934
61,52,92.64637979561849
61,53,41.96273828068103
61,54,5.062247226907413
61,55,3.93918336928194
61,56,57.39498660690104
61,57,39.2895108893179
61,58,2.8652427577654516
61,59,58.32523923125568
61,60,1.1302536589022472
61,61,78.73719581492729
61,62,30.643282270337156
61,63,4.02580030092321
62,0,58.835222098315334
62,1,39.76844144330547
62,2,97.38004133571495
62,3,54.41986625037022
62,4,27.52391810370083
62,5,70.94388646339748
62,6,27.149200254271133
62,7,90.42432914075651
62,8,37.47219705073764
62,9,54.98685627762052
62,10,5.0573103824228856
62,11,42.61212379522308
62,12,83.2363539660995
62,13,80.56488053633419
62,14,22.431855885352626
62,15,22.60790710105627
62,16,81.73053122132367
62,17,93.03984201693255
62,18,9.536092127300355
62,19,45.005863942622526
62,20,33.745427896422896
62,21,87.06884554574394
62,22,8.352491468001876
62,23,21.112594255803742
62,24,75.24683375864943
62,25,5.129384898121558
62,26,49.25353807142893
62,27,44.210703467972
62,28,33.44011789887487
62,29,39.457231531892376
62,30,52.99405869302329
62,31,16.136735838838312
62,32,57.19958782835928
62,33,80.54323292999864
62,34,76.01609297901591
62,35,15.389990469377368
62,36,14.92494697414739
62,37,26.817436774491334
62,38,36.10747263410372
62,39,40.84555814084826
62,40,67.96972168333453
62,41,5.66804321658354
62,42,3.4672704226066386
62,43,39.191056294390904
62,44,69.71636921379805
62,45,19.343534295648258
62,46,64.15044812562518
62,47,25.982813794029948
62,48,88.60861088135164
62,49,89.56899442666165
62,50,29.72872042813265
62,51,22.99937539632405
62,52,41.13039720662313
62,53,24.05315851801487
62,54,67.23838432917036
62,55,82.60646845482856
62,56,67.3092130911217
62,57,82.43504472493495
62,58,39.69921622074742
62,59,15.631697070886085
62,60,73.79509473975922
62,61,36.047450514155386
62,62,67.12708252291326
62,63,27.064394198176565
63,0,8.122963480667266
63,1,99.25817954877634
63,2,15.620150793059928
63,3,98.8420993963481
63,4,97.72799325664472
63,5,79.38181039080396
63,6,65.94229620819976
63,7,57.78070502510847
63,8,86.61015453778347
63,9,28.943952161948793
63,10,46.7681212484877
63,11,61.93899693665019
63,12,41.11904758694911
63,13,42.7486454090268
63,14,33.02846675020844
63,15,56.4231816684536
63,16,85.0574528015116
63,17,20.152837800631286
63,18,93.44330387534414
63,19,68.90876537482296
63,20,82.32732126800302
63,21,55.619069263001165
63,22,77.95167014240634
63,23,1.620039733946721
63,24,81.83804247795352
63,25,4.013885908536652
63,26,88.99133763628625
63,27,99.19627472386433
63,28,29.40674621767778
63,29,21.031855628579365
63,30,76.53633638580408
63,31,25.302634092025322
63,32,86.55623831722035
63,33,10.28425921574767
63,34,12.595519637935826
63,35,97.91515551006155
63,36,67.38388982700046
63,37,84.68872244289528
63,38,32.4329377351518
63,39,67.64837495206044
63,40,59.42418273085972
63,41,60.3150120122947
63,42,68.25324595377215
63,43,57.53591731290986
63,44,42.906236930266594
63,45,27.592269438054686
63,46,76.8581330913202
63,47,22.62724300031862
63,48,69.23543061544142
63,49,23.333282264932663
63,50,62.53301699544539
63,51,74.70782671290289
63,52,21.87138889065392
63,53,5.994330086130828
63,54,13.097374299417408
63,55,60.59969672710255
63,56,84.94464062257356
63,57,4.499682123542437
63,58,73.41512590416463
63,59,34.13186459500521
63,60,47.85283699195225
63,61,92.88595498455656
63,62,33.19715047358455
63,63,46.5336933939486
