ax-row-0-col-0_trace-id-rt-distribution_variable-raw-data,ax-row-0-col-0_trace-id-rt-distribution_variable-bin-centers,ax-row-0-col-0_trace-id-rt-distribution_variable-bin-counts,ax-row-0-col-0_trace-id-rt-distribution_variable-bin-widths,ax-row-0-col-0_trace-id-rt-distribution_variable-bin-edges-left,ax-row-0-col-0_trace-id-rt-distribution_variable-bin-edges-right
489.73713224089863,200.1572779021059,1.0,18.917330215263462,190.69861279447417,209.61594300973763
438.9388559063052,219.07460811736934,0.0,18.917330215263434,209.61594300973763,228.53327322500107
501.8150830480554,237.9919383326328,3.0,18.917330215263462,228.53327322500107,247.45060344026453
571.8423885126421,256.90926854789626,3.0,18.917330215263434,247.45060344026453,266.36793365552796
431.26773002213315,275.8265987631597,6.0,18.917330215263462,266.36793365552796,285.2852638707914
431.2690434440656,294.7439289784231,13.0,18.917330215263462,285.2852638707914,304.2025940860549
576.3370252405913,313.6612591936866,19.0,18.917330215263405,304.2025940860549,323.1199243013183
511.3947783322327,332.57858940895005,37.0,18.91733021526352,323.1199243013183,342.0372545165818
412.4420491252038,351.4959196242135,40.0,18.917330215263405,342.0372545165818,360.9545847318452
493.4048034868772,370.413249839477,55.0,18.917330215263462,360.9545847318452,379.8719149471087
412.926584575003,389.3305800547404,75.0,18.917330215263462,379.8719149471087,398.78924516237214
412.74161971437945,408.2479102700039,98.0,18.917330215263462,398.78924516237214,417.7065753776356
469.3569817252827,427.1652404852673,76.0,18.917330215263462,417.7065753776356,436.62390559289906
296.93758042737613,446.08257070053077,94.0,18.917330215263405,436.62390559289906,455.54123580816247
312.00657339895736,464.9999009157942,102.0,18.917330215263462,455.54123580816247,474.45856602342593
405.01699766072215,483.91723113105763,86.0,18.917330215263462,474.45856602342593,493.3758962386894
368.9735103732461,502.83456134632115,84.0,18.91733021526352,493.3758962386894,512.2932264539529
475.1397866076219,521.7518915615847,56.0,18.917330215263405,512.2932264539529,531.2105566692163
377.3580739583031,540.669221776848,45.0,18.917330215263405,531.2105566692163,550.1278868844797
337.0157038931767,559.5865519921115,31.0,18.91733021526352,550.1278868844797,569.0452170997432
567.2519015137243,578.503882207375,28.0,18.917330215263405,569.0452170997432,587.9625473150066
431.9378959610772,597.4212124226383,23.0,18.917330215263405,587.9625473150066,606.87987753027
455.4022563750339,616.3385426379018,12.0,18.91733021526352,606.87987753027,625.7972077455336
336.0201451029235,635.2558728531653,3.0,18.91733021526352,625.7972077455336,644.7145379607971
406.4493820379854,654.1732030684287,7.0,18.91733021526329,644.7145379607971,663.6318681760604
458.8738071767893,673.0905332836921,1.0,18.91733021526352,663.6318681760604,682.5491983913239
357.9205138062158,692.0078634989557,1.0,18.91733021526352,682.5491983913239,701.4665286065874
480.05584146765375,710.9251937142191,0.0,18.91733021526329,701.4665286065874,720.3838588218507
401.9489048064956,729.8425239294825,0.0,18.91733021526352,720.3838588218507,739.3011890371142
426.6645000165379,748.759854144746,1.0,18.91733021526352,739.3011890371142,758.2185192523777
401.86347102164825,,,,,
598.1822547607151,,,,,
448.9202220209653,,,,,
365.38312568352796,,,,,
515.8035929682551,,,,,
352.3325080023182,,,,,
466.7090876003804,,,,,
293.22639008961795,,,,,
343.74511608812554,,,,,
465.74889886952985,,,,,
509.07732639963285,,,,,
463.7094624951976,,,,,
440.74813740894075,,,,,
425.9117043528569,,,,,
331.7182407706058,,,,,
392.4124633284233,,,,,
413.148898323217,,,,,
534.5697780975132,,,,,
477.48946316547693,,,,,
308.9567875709813,,,,,
475.9267175515836,,,,,
419.1934175666947,,,,,
395.8462399755233,,,,,
498.93410310726944,,,,,
532.4799617996761,,,,,
524.5024095292958,,,,,
382.8625981421889,,,,,
425.26300993190284,,,,,
476.50107451228513,,,,,
528.0436101697887,,,,,
411.6660609723768,,,,,
435.1472818668946,,,,,
361.49320207951774,,,,,
354.30347007354635,,,,,
515.0020657915359,,,,,
558.4992022856659,,,,,
444.2391902735733,,,,,
530.2826318313619,,,,,
478.9308820038107,,,,,
398.3904196315901,,,,,
478.9116484406731,,,,,
573.0429253172775,,,,,
447.1339168712039,,,,,
575.1714924651205,,,,,
240.42039167282044,,,,,
515.7522003500179,,,,,
456.9637654590537,,,,,
426.0794119627306,,,,,
457.3408621228402,,,,,
290.9944868319286,,,,,
432.426248972999,,,,,
478.5690057209397,,,,,
568.2315235793213,,,,,
408.5383825381082,,,,,
385.320511768545,,,,,
409.8594365132371,,,,,
523.2321694161659,,,,,
476.30008877277476,,,,,
407.6191836986369,,,,,
491.06139464906846,,,,,
457.7662039478432,,,,,
527.4915992426311,,,,,
393.8357524898118,,,,,
423.78702827217853,,,,,
418.6313477494274,,,,,
332.9188041494305,,,,,
473.6896221651661,,,,,
470.88442177439117,,,,,
450.40907653139686,,,,,
431.23302932998826,,,,,
336.7703406359669,,,,,
416.3483741787713,,,,,
422.58283867785843,,,,,
385.81781846227045,,,,,
437.09714306671924,,,,,
482.3240685451631,,,,,
600.8948720968424,,,,,
463.96622502654714,,,,,
470.60403125782113,,,,,
444.0443267387066,,,,,
296.4983027760767,,,,,
447.87888996406264,,,,,
454.81841679528213,,,,,
647.059368998823,,,,,
434.6111228175102,,,,,
474.123787386689,,,,,
447.22305842358054,,,,,
356.5057569904374,,,,,
541.4258251612016,,,,,
510.15464261494196,,,,,
513.2825557634437,,,,,
377.24900361642085,,,,,
562.2235448748879,,,,,
337.85191497661754,,,,,
496.94856750402164,,,,,
625.2364500647983,,,,,
370.75709398954496,,,,,
404.69618163177824,,,,,
457.9721092070113,,,,,
409.7219476707041,,,,,
325.9469255147094,,,,,
455.4850379844822,,,,,
365.0157029019116,,,,,
487.88739445081455,,,,,
376.44606126129577,,,,,
573.9947524014032,,,,,
387.339736613101,,,,,
424.2350787035459,,,,,
515.0813773895736,,,,,
351.5308546852836,,,,,
468.19679476833034,,,,,
554.5714203425943,,,,,
321.40134123510177,,,,,
464.7707086825843,,,,,
470.7906235398739,,,,,
512.5458297421849,,,,,
351.0439431297534,,,,,
344.3634709532579,,,,,
491.7553252493518,,,,,
473.7587738586549,,,,,
470.0394280276701,,,,,
477.715856759758,,,,,
395.59802227372074,,,,,
468.5802957728803,,,,,
473.4457978638945,,,,,
392.85188655789057,,,,,
599.2619608915805,,,,,
487.90663367294303,,,,,
354.6957202237881,,,,,
502.5242886907064,,,,,
372.0254663818143,,,,,
512.9667682993961,,,,,
542.6876463205923,,,,,
384.3454145318632,,,,,
527.0700903395457,,,,,
483.02247415491985,,,,,
515.7648127995592,,,,,
601.7434386123158,,,,,
430.36895071977034,,,,,
389.7011068514008,,,,,
378.83884562995814,,,,,
384.73517720276493,,,,,
443.83186324687165,,,,,
477.2921579853315,,,,,
472.13526394640155,,,,,
516.1746599228819,,,,,
451.0401513502326,,,,,
566.2827261725854,,,,,
428.82745334096353,,,,,
667.6135333271695,,,,,
500.0533878212005,,,,,
381.4273954866974,,,,,
364.328600155111,,,,,
488.59779321945484,,,,,
432.12297717393193,,,,,
507.12003952736734,,,,,
487.8590099658836,,,,,
444.1736869874502,,,,,
382.25650255452763,,,,,
328.81222202513084,,,,,
414.2788038346383,,,,,
518.5119035458778,,,,,
467.12749953041634,,,,,
350.3408977030409,,,,,
463.85447406809453,,,,,
480.82539037830696,,,,,
379.29140510390937,,,,,
462.29800847564223,,,,,
454.65669747568,,,,,
358.56237617355015,,,,,
478.6229888278627,,,,,
494.86276210945874,,,,,
536.6440994540221,,,,,
534.3041641627922,,,,,
339.7864505634327,,,,,
374.9739968067902,,,,,
491.2028213766928,,,,,
491.1028760729767,,,,,
491.2038149044838,,,,,
758.2185192523777,,,,,
495.67124085545333,,,,,
540.8452512144479,,,,,
526.3201410794562,,,,,
502.11130010446385,,,,,
424.77846042877235,,,,,
510.7175376394614,,,,,
388.17398283699424,,,,,
431.0545114607993,,,,,
411.17091617367174,,,,,
456.5499311509058,,,,,
635.1726853338807,,,,,
300.6187845926602,,,,,
504.9008152299611,,,,,
320.9827303048279,,,,,
412.2454507368453,,,,,
537.1160477573893,,,,,
455.14240152763705,,,,,
363.7804177656555,,,,,
392.77570325920254,,,,,
504.3678199147741,,,,,
391.5706694626291,,,,,
467.316687166558,,,,,
453.6457471923051,,,,,
397.8719721915346,,,,,
621.515527146026,,,,,
500.7135217854409,,,,,
287.98859306739143,,,,,
464.9163451815542,,,,,
397.05708281852895,,,,,
518.1946667836979,,,,,
386.5983409253839,,,,,
440.82108468264806,,,,,
490.3989823184366,,,,,
519.2604155336097,,,,,
353.97628743553787,,,,,
423.2399011327241,,,,,
412.0043751071235,,,,,
397.733661394103,,,,,
591.2363392224877,,,,,
482.39853687687645,,,,,
349.12928365319635,,,,,
523.4289557643821,,,,,
619.7724957610106,,,,,
532.5972208440918,,,,,
328.45040272367896,,,,,
411.2612741706999,,,,,
551.3528919349299,,,,,
393.3864427504975,,,,,
485.5055542516983,,,,,
511.97072427434694,,,,,
375.84556227375333,,,,,
445.237971515056,,,,,
190.69861279447417,,,,,
368.04898869325683,,,,,
429.7945478885472,,,,,
350.17734544281205,,,,,
580.5929043145309,,,,,
335.5886897631494,,,,,
414.7964410642413,,,,,
460.4592461828873,,,,,
565.3018631252893,,,,,
335.1310279056448,,,,,
543.0531001723967,,,,,
450.81864488156697,,,,,
371.4793079161639,,,,,
486.9682779410617,,,,,
465.9247756458776,,,,,
401.9826498272964,,,,,
455.5841667992015,,,,,
419.1749122510592,,,,,
459.08138762009986,,,,,
502.97045396168375,,,,,
576.8813452916281,,,,,
350.97476009385207,,,,,
620.6426699725014,,,,,
293.83297603819983,,,,,
437.8571923971533,,,,,
497.06537651876613,,,,,
472.4793494188026,,,,,
400.1840384143525,,,,,
433.35021997141797,,,,,
410.5599252272934,,,,,
402.85081944446307,,,,,
517.968167761682,,,,,
478.5612388772038,,,,,
394.56723237914764,,,,,
521.96799003466,,,,,
474.58396167012876,,,,,
515.0289695071168,,,,,
500.37030735388896,,,,,
383.6803991262342,,,,,
405.18551678424245,,,,,
509.7834884098609,,,,,
498.8296212346772,,,,,
448.32787248286814,,,,,
459.38619066470255,,,,,
552.213191663074,,,,,
402.6742888931336,,,,,
493.767790493603,,,,,
433.8245878052885,,,,,
432.5855037418224,,,,,
537.9021481589753,,,,,
516.0333079190424,,,,,
515.0807708800511,,,,,
554.4383045723463,,,,,
451.68030733062074,,,,,
504.5562377035971,,,,,
425.1786594725235,,,,,
475.9333081990754,,,,,
439.58855565058525,,,,,
457.75967719941747,,,,,
497.6125620349531,,,,,
384.5423453413222,,,,,
617.3909820548369,,,,,
369.5186094800238,,,,,
352.86491097698143,,,,,
542.6488698800055,,,,,
513.3330155170348,,,,,
499.9295853641724,,,,,
500.2676407411424,,,,,
449.0202581722468,,,,,
378.21965028113345,,,,,
456.0643646554981,,,,,
395.82706307903106,,,,,
528.00957867342,,,,,
438.2354094798289,,,,,
383.9602242565991,,,,,
424.28913266776055,,,,,
483.0345163420499,,,,,
404.902035775682,,,,,
384.2223683546855,,,,,
469.494976919353,,,,,
469.5973256886978,,,,,
409.4445459703096,,,,,
412.3169355505342,,,,,
468.5639949886109,,,,,
334.15325268021405,,,,,
337.4028980498756,,,,,
392.5244622998051,,,,,
432.92422786305224,,,,,
474.8726052478404,,,,,
568.0284973559642,,,,,
518.6127698561615,,,,,
437.20491760292583,,,,,
448.4787033677849,,,,,
369.7976508289753,,,,,
448.5189491206088,,,,,
426.90730888638893,,,,,
475.81748482704717,,,,,
383.8215245158142,,,,,
491.5477211392938,,,,,
572.6191130402062,,,,,
441.2991881234514,,,,,
482.1369377679153,,,,,
505.211519336889,,,,,
417.9023622491331,,,,,
467.92739854483335,,,,,
451.0073920625436,,,,,
457.81408788390655,,,,,
388.1592172915627,,,,,
451.9608139407154,,,,,
489.83986329963597,,,,,
566.0914886236034,,,,,
526.7416660868165,,,,,
622.2545966009245,,,,,
388.61219496895603,,,,,
519.7856509376543,,,,,
464.66736045906816,,,,,
625.1842346574138,,,,,
385.3361371715879,,,,,
382.8222526255379,,,,,
402.04858836447823,,,,,
280.08834205521543,,,,,
407.93959826553913,,,,,
389.2693870757042,,,,,
462.03150291809663,,,,,
477.34047806217274,,,,,
600.0936671372709,,,,,
526.033907054884,,,,,
403.84770754700776,,,,,
378.12682629213134,,,,,
489.35353372052043,,,,,
344.3813434383486,,,,,
596.5167012683482,,,,,
544.355209657703,,,,,
412.4659478316236,,,,,
312.9492376727298,,,,,
558.309789933233,,,,,
440.83681237979056,,,,,
549.025304957877,,,,,
322.44578729645065,,,,,
402.04999816369815,,,,,
450.41949597745463,,,,,
453.7584475011794,,,,,
413.9947622816605,,,,,
499.8279945877999,,,,,
364.5903656493924,,,,,
438.6096411982965,,,,,
459.6236505369519,,,,,
491.1551067246999,,,,,
506.9291902471112,,,,,
360.0286326529705,,,,,
327.2708663411502,,,,,
552.2141457518808,,,,,
476.5851209583673,,,,,
390.1210770754757,,,,,
574.0921580418019,,,,,
459.2539707434287,,,,,
544.3437747251061,,,,,
455.4014785128087,,,,,
614.859833990559,,,,,
590.4272673954563,,,,,
430.0828681216741,,,,,
527.7256760763485,,,,,
501.6300759668118,,,,,
559.4905246025879,,,,,
372.80612315359167,,,,,
504.88411679987513,,,,,
534.673958947967,,,,,
309.30084108615085,,,,,
355.339318986738,,,,,
286.86142577919196,,,,,
428.4474532444354,,,,,
507.40338046367697,,,,,
570.1885641676822,,,,,
455.927582433582,,,,,
580.2892436457033,,,,,
339.59188334280867,,,,,
313.7294048515876,,,,,
445.55618408827047,,,,,
480.7252359151446,,,,,
447.38442015247256,,,,,
284.60463199680987,,,,,
442.87039683897694,,,,,
345.64243995961175,,,,,
503.5738039064031,,,,,
479.32785968774783,,,,,
374.8096170938116,,,,,
408.8906466130645,,,,,
365.26291824888386,,,,,
444.98567221814625,,,,,
526.4113856400991,,,,,
371.1419162931565,,,,,
490.32372124142756,,,,,
407.5793905302047,,,,,
386.57017341901246,,,,,
441.4375712036354,,,,,
367.18061420645006,,,,,
405.7080555722254,,,,,
354.1697685928921,,,,,
607.1780106333111,,,,,
452.8210841577383,,,,,
394.02195936059314,,,,,
467.11839285873776,,,,,
441.0137560247336,,,,,
432.32243203734214,,,,,
499.133336003474,,,,,
510.6006168037844,,,,,
407.5599081911578,,,,,
403.9345407484256,,,,,
427.9958642278685,,,,,
265.84630682115323,,,,,
328.7847150241158,,,,,
559.3499413955619,,,,,
581.5974170801027,,,,,
430.07711683548973,,,,,
496.1245570444613,,,,,
474.9000123634829,,,,,
696.3104646764191,,,,,
539.5659929147662,,,,,
439.76659268153867,,,,,
373.55676475196594,,,,,
321.4842943793942,,,,,
466.27709086937784,,,,,
389.49194037725573,,,,,
336.2197032321861,,,,,
398.2741692605979,,,,,
363.4761597108484,,,,,
584.9713308058051,,,,,
520.5311805559561,,,,,
449.36218869467064,,,,,
568.3955311112021,,,,,
456.18946461180946,,,,,
381.0972638937389,,,,,
571.8499261815725,,,,,
493.1128034947727,,,,,
367.0203076538835,,,,,
434.77290575331136,,,,,
379.95053972921943,,,,,
339.3760215228531,,,,,
524.0942038025313,,,,,
602.7533312376104,,,,,
338.1145940944687,,,,,
495.03753893524566,,,,,
397.94859447025385,,,,,
411.0299692988243,,,,,
402.60848606089047,,,,,
380.8807384256147,,,,,
453.88173023558613,,,,,
383.52399068711696,,,,,
471.6365460623871,,,,,
445.98095124406905,,,,,
430.8841562506872,,,,,
377.3949070366722,,,,,
403.85829355453336,,,,,
510.4312980660605,,,,,
490.07337500995044,,,,,
371.7955804161159,,,,,
457.9465844343381,,,,,
510.11096986974314,,,,,
316.4475775102903,,,,,
493.4688153903948,,,,,
396.99009928433225,,,,,
495.64789348745273,,,,,
388.9392674765987,,,,,
305.60943194683847,,,,,
319.79660496934696,,,,,
453.84679573291055,,,,,
470.77780013771854,,,,,
377.6546699916473,,,,,
501.0873967021899,,,,,
317.0783950184832,,,,,
444.7136161082147,,,,,
353.1187040190035,,,,,
397.85311137582727,,,,,
453.7918937053131,,,,,
381.1669307772838,,,,,
419.23555646161395,,,,,
530.5034247371552,,,,,
403.84865043814807,,,,,
516.8553689652114,,,,,
359.6234516273905,,,,,
492.3843342332226,,,,,
565.3254896526321,,,,,
252.26843998981684,,,,,
386.24837956236183,,,,,
496.1657701744432,,,,,
433.75636911656056,,,,,
479.6916698697047,,,,,
401.68118506273436,,,,,
456.927182997832,,,,,
437.54582116863367,,,,,
543.4225649327846,,,,,
470.35366746409704,,,,,
477.0082129660162,,,,,
417.0498427102026,,,,,
410.9915020742005,,,,,
415.3953449744303,,,,,
481.5561713902637,,,,,
416.32124153437894,,,,,
473.18198855171306,,,,,
616.0320638916351,,,,,
519.6899762745354,,,,,
423.91811742657273,,,,,
546.0971137731156,,,,,
417.3539701582759,,,,,
286.9500371857717,,,,,
369.3530951266077,,,,,
300.3366463179316,,,,,
421.87892127669534,,,,,
451.4734703351641,,,,,
584.1149849820226,,,,,
476.154189901133,,,,,
432.4719576952909,,,,,
516.3524464946792,,,,,
273.1091752793692,,,,,
468.84916464868525,,,,,
511.6692155109573,,,,,
331.7131003376127,,,,,
541.5003234565543,,,,,
477.07971259955315,,,,,
416.7769668879359,,,,,
500.6225492885028,,,,,
631.6554286243517,,,,,
464.5493004046796,,,,,
469.85764690402686,,,,,
413.25112803678047,,,,,
382.01245044281666,,,,,
516.4268653235397,,,,,
381.51329392729065,,,,,
455.7252989775514,,,,,
411.7874042587907,,,,,
488.3183860597114,,,,,
476.69296842295586,,,,,
533.003195540632,,,,,
409.1986880916202,,,,,
428.4100051765303,,,,,
371.69890273741544,,,,,
414.45653919391106,,,,,
480.1840394435882,,,,,
510.5590893316282,,,,,
376.22677406579,,,,,
519.5684736084528,,,,,
558.4510287043961,,,,,
483.0747922578961,,,,,
600.1436650046453,,,,,
388.09686407171415,,,,,
350.4276237350866,,,,,
307.70238008765773,,,,,
569.6835449191346,,,,,
502.34925250832464,,,,,
445.5532263271636,,,,,
472.39749010558563,,,,,
359.96087621612986,,,,,
645.6601583693462,,,,,
460.3376945580182,,,,,
458.7515835683914,,,,,
508.06132991189537,,,,,
488.4807385389371,,,,,
467.9107219423305,,,,,
386.76204356437506,,,,,
487.71746857087965,,,,,
600.5619597180028,,,,,
557.6336036923982,,,,,
577.4549301311517,,,,,
409.1027458855052,,,,,
370.8316143793135,,,,,
439.93704639202815,,,,,
454.45799298309555,,,,,
537.5353214776759,,,,,
314.60282962281445,,,,,
572.3640255568491,,,,,
437.35936811368083,,,,,
415.8495144042064,,,,,
369.03164997918657,,,,,
317.61146625073843,,,,,
515.8536467169531,,,,,
455.8654373750723,,,,,
346.8031280207157,,,,,
346.39369823491074,,,,,
423.13722405678976,,,,,
583.5217220231514,,,,,
429.2326918909116,,,,,
329.7485637505515,,,,,
430.34055487312446,,,,,
428.18211442018634,,,,,
234.24906856467427,,,,,
445.656410678575,,,,,
431.52523758330574,,,,,
505.69650918507347,,,,,
597.9164875956276,,,,,
540.1252023638206,,,,,
428.48890475561353,,,,,
361.47792730066635,,,,,
655.8687842599888,,,,,
454.73747472115906,,,,,
451.1143433530357,,,,,
448.0699930311997,,,,,
465.8467808614284,,,,,
438.4511670460846,,,,,
404.10703944958107,,,,,
406.2512847007686,,,,,
447.3797383827201,,,,,
406.5260183092988,,,,,
392.97233738582685,,,,,
458.5144182153517,,,,,
429.60182260633155,,,,,
570.3194390866151,,,,,
237.92241532855905,,,,,
537.320548153797,,,,,
549.6868153998104,,,,,
284.128781407348,,,,,
422.58499247357213,,,,,
420.2847307203367,,,,,
337.39906442257427,,,,,
387.77466499273,,,,,
361.1539323627337,,,,,
590.1816354738899,,,,,
524.8542714517969,,,,,
551.7244075995327,,,,,
507.7337651234588,,,,,
359.6758583026217,,,,,
408.0383786976181,,,,,
489.14996489823346,,,,,
352.22977528864436,,,,,
507.03987441379104,,,,,
430.7739681473492,,,,,
420.0143353960322,,,,,
506.8767974562793,,,,,
485.5410649188832,,,,,
421.1227067344736,,,,,
542.7463842691399,,,,,
363.5149337920082,,,,,
499.2748485555411,,,,,
497.4481006374707,,,,,
425.23628485488075,,,,,
476.09064177936943,,,,,
349.91091388917573,,,,,
523.922161536552,,,,,
435.2078290845609,,,,,
408.18215835847684,,,,,
533.9207380669511,,,,,
393.6525047565793,,,,,
337.32309629091526,,,,,
325.46966611808773,,,,,
498.48079610765114,,,,,
347.56565180029736,,,,,
590.3835345587491,,,,,
283.44564736930226,,,,,
585.716509463203,,,,,
466.88139737620946,,,,,
442.2629510503686,,,,,
406.40647305528404,,,,,
481.93088914816565,,,,,
446.98922380601215,,,,,
538.2641505613217,,,,,
459.13821189296317,,,,,
462.0241409169502,,,,,
420.9110230228915,,,,,
445.4443501023146,,,,,
474.6241415113647,,,,,
313.18652858747,,,,,
342.14516623154293,,,,,
509.4611275218172,,,,,
463.66923505023533,,,,,
435.28133309178565,,,,,
451.4747146452315,,,,,
477.80653642893367,,,,,
406.8192255752511,,,,,
387.735621967815,,,,,
465.6676204078145,,,,,
371.7301777907974,,,,,
482.6602204571577,,,,,
313.7933116609728,,,,,
532.3324509860515,,,,,
487.80779859304346,,,,,
470.48237874511005,,,,,
528.6152787156411,,,,,
583.2379555570061,,,,,
531.1496052014504,,,,,
302.7300614934684,,,,,
347.6338426611439,,,,,
400.0145137843457,,,,,
452.0872840168667,,,,,
491.41272163752984,,,,,
391.94049494772275,,,,,
464.94134115816627,,,,,
389.5693654117342,,,,,
401.0785757606441,,,,,
337.4671122521422,,,,,
376.1413403111277,,,,,
341.8652315506933,,,,,
371.9301397618134,,,,,
534.2913437286272,,,,,
374.04808889344457,,,,,
660.5905651869913,,,,,
489.46543207047114,,,,,
464.7868898955899,,,,,
381.33137758550293,,,,,
506.0247903527193,,,,,
403.9489739009781,,,,,
459.7607851716289,,,,,
654.8067630615036,,,,,
442.315208022028,,,,,
541.9418661028541,,,,,
393.745885989929,,,,,
447.20092076024304,,,,,
591.6640508508408,,,,,
399.8426353769786,,,,,
594.9958846397543,,,,,
506.620154836438,,,,,
405.0026579284586,,,,,
500.5926191244417,,,,,
527.8043559701384,,,,,
499.7447969773757,,,,,
324.3820224087635,,,,,
391.82902593401053,,,,,
430.1985091558796,,,,,
444.0453256719963,,,,,
499.65376780405427,,,,,
464.2160800746603,,,,,
343.1724513031919,,,,,
480.41582808047707,,,,,
498.84685962270584,,,,,
494.7832358344832,,,,,
536.4624580443698,,,,,
516.7137723639123,,,,,
486.73440633827494,,,,,
444.38674308330826,,,,,
317.12312531872067,,,,,
484.36945753060684,,,,,
466.6150149730489,,,,,
471.7263069756299,,,,,
347.86011393437525,,,,,
363.515476767339,,,,,
534.2522282666323,,,,,
446.8355876914676,,,,,
504.52005578980993,,,,,
452.2654700904369,,,,,
452.38049115965964,,,,,
525.0627044780798,,,,,
408.71642174261007,,,,,
457.68966215527865,,,,,
413.0179769035966,,,,,
415.24030180541473,,,,,
425.26623012250883,,,,,
467.77070173069706,,,,,
411.7001102669218,,,,,
550.4604900458817,,,,,
378.4314158224397,,,,,
435.05026846709126,,,,,
414.821515338066,,,,,
565.7582307482986,,,,,
465.72438212092595,,,,,
532.5475631574908,,,,,
331.1551701570422,,,,,
471.36402126954073,,,,,
521.1704636498749,,,,,
456.5827191420339,,,,,
535.2384300052281,,,,,
408.6169239919702,,,,,
562.7477952148464,,,,,
633.91184988954,,,,,
420.97291516482727,,,,,
414.35979828793825,,,,,
566.270758169416,,,,,
576.365771658457,,,,,
408.1711978277385,,,,,
416.3850546323314,,,,,
427.4572312911594,,,,,
342.4439591172578,,,,,
376.50784428126417,,,,,
369.66873865983456,,,,,
388.5761947916697,,,,,
447.2252090090575,,,,,
468.73717860292163,,,,,
574.0400394251261,,,,,
370.13167674089675,,,,,
528.7457918781267,,,,,
432.88089246195926,,,,,
446.04290322780537,,,,,
503.98555937332833,,,,,
360.1822382750161,,,,,
480.5927796947241,,,,,
463.3161766570445,,,,,
489.3961011206519,,,,,
473.1334915126254,,,,,
646.4240111928716,,,,,
398.98080125989475,,,,,
407.5202435998546,,,,,
400.14875788601887,,,,,
405.5618304671796,,,,,
399.0090298154786,,,,,
545.1213224886042,,,,,
563.6403398391884,,,,,
404.3402965000419,,,,,
383.4115541516617,,,,,
487.7132445109123,,,,,
405.8221564575223,,,,,
500.6345454204409,,,,,
466.233841668104,,,,,
328.74047080022143,,,,,
573.8004161064049,,,,,
593.6702138476418,,,,,
400.9769047612491,,,,,
418.98387520512125,,,,,
472.8692312579924,,,,,
476.756543198962,,,,,
502.6835418138264,,,,,
610.816363101308,,,,,
435.844221800476,,,,,
386.1362204369237,,,,,
339.65446175883784,,,,,
391.52559680464645,,,,,
447.3498421700962,,,,,
593.564629081423,,,,,
408.5910960771063,,,,,
467.9030361311119,,,,,
448.68616831417984,,,,,
545.0714618758467,,,,,
652.1545940698898,,,,,
407.53049816637434,,,,,
410.84484459854224,,,,,
533.5328701655258,,,,,
504.55131917010493,,,,,
597.7365860588827,,,,,
496.7142548260771,,,,,
421.25663273703526,,,,,
497.25238645538474,,,,,
538.6962864466326,,,,,
515.6385744957892,,,,,
490.5819224885838,,,,,
535.3339751671323,,,,,
543.5436472356538,,,,,
560.5727192830021,,,,,
501.89679100717143,,,,,
436.63055357465163,,,,,
461.7370949146658,,,,,
546.5207173206686,,,,,
384.6451463210211,,,,,
479.4938647098321,,,,,
418.5328950138111,,,,,
452.2995858347854,,,,,
552.2761490085838,,,,,
465.2879254415923,,,,,
453.7149238524919,,,,,
341.2115087216065,,,,,
509.7002852821777,,,,,
501.638734491286,,,,,
623.0603778644368,,,,,
425.3777412037599,,,,,
467.5320262131151,,,,,
469.9506946968604,,,,,
576.196262381078,,,,,
442.3763574090438,,,,,
472.32172206162716,,,,,
498.63172077732315,,,,,
464.92872985250864,,,,,
414.2853108359577,,,,,
465.52719943186463,,,,,
535.8905399887817,,,,,
367.8787760471152,,,,,
460.63757393175007,,,,,
393.99033480486617,,,,,
545.6037303139874,,,,,
328.145047617298,,,,,
405.2862522182729,,,,,
480.17695000516164,,,,,
575.2419223387473,,,,,
444.739979114161,,,,,
405.58403786454414,,,,,
600.4925655552472,,,,,
334.1588879667005,,,,,
274.09552347039346,,,,,
485.2011560042666,,,,,
409.83566205179113,,,,,
368.3013746295429,,,,,
506.66851578394824,,,,,
469.50405710169593,,,,,
404.8737095410617,,,,,
347.57564810632846,,,,,
519.7965862624116,,,,,
502.0160942366929,,,,,
442.06593089764937,,,,,
597.7309596838132,,,,,
364.3932186939078,,,,,
327.9579863260209,,,,,
394.64735440950045,,,,,
446.35311869156016,,,,,
469.46715594581536,,,,,
430.7011153714936,,,,,
478.1644317211437,,,,,
349.8768460647645,,,,,
565.5011683258608,,,,,
443.4279057285945,,,,,
539.3836665270502,,,,,
477.41802771021634,,,,,
486.5402575323027,,,,,
495.5813824185763,,,,,
485.8166848013852,,,,,
501.4178207894035,,,,,
556.3322024105945,,,,,
465.7216935761176,,,,,
506.72030060708096,,,,,
442.8211444570219,,,,,
565.2093772359578,,,,,
395.8886158352584,,,,,
594.0752346328652,,,,,
446.78736394845254,,,,,
335.53799183055617,,,,,
460.24835319286314,,,,,
395.5158674020095,,,,,
517.251483919098,,,,,
397.7900816558087,,,,,
414.30532534281764,,,,,
298.83674152435754,,,,,
413.81549446007386,,,,,
256.0896538696835,,,,,
323.28777412114215,,,,,
510.8331724915438,,,,,
512.8640126920666,,,,,
484.03660494279717,,,,,
372.64190854966296,,,,,
446.1830915086416,,,,,
449.7117968727545,,,,,
357.3308248645966,,,,,
570.271864141372,,,,,
520.1889832460537,,,,,
432.3228660936269,,,,,
452.15086711956246,,,,,
466.6706246358042,,,,,
286.6612105260567,,,,,
430.2258093983522,,,,,
395.4412601601761,,,,,
369.87039920840675,,,,,
427.5119765691236,,,,,
593.8149221479619,,,,,
501.2674289013608,,,,,
404.30568081737624,,,,,
495.8066225084927,,,,,
