ax-row-0-col-0_trace-id-neural-spikes_variable-raster-0,ax-row-0-col-0_trace-id-neural-spikes_variable-raster-1,ax-row-0-col-0_trace-id-neural-spikes_variable-raster-2,ax-row-0-col-0_trace-id-neural-spikes_variable-raster-3,ax-row-0-col-0_trace-id-neural-spikes_variable-raster-4,ax-row-0-col-0_trace-id-neural-spikes_variable-raster-5,ax-row-0-col-0_trace-id-neural-spikes_variable-raster-6,ax-row-0-col-0_trace-id-neural-spikes_variable-raster-7,ax-row-0-col-0_trace-id-neural-spikes_variable-raster-8,ax-row-0-col-0_trace-id-neural-spikes_variable-raster-9,ax-row-0-col-0_trace-id-neural-spikes_variable-raster-10,ax-row-0-col-0_trace-id-neural-spikes_variable-raster-11,ax-row-0-col-0_trace-id-neural-spikes_variable-raster-12,ax-row-0-col-0_trace-id-neural-spikes_variable-raster-13,ax-row-0-col-0_trace-id-neural-spikes_variable-raster-14,ax-row-0-col-0_trace-id-neural-spikes_variable-raster-15,ax-row-0-col-0_trace-id-neural-spikes_variable-raster-16,ax-row-0-col-0_trace-id-neural-spikes_variable-raster-17,ax-row-0-col-0_trace-id-neural-spikes_variable-raster-18,ax-row-0-col-0_trace-id-neural-spikes_variable-raster-19
,,,,,,,,,,,,,,,,,,,
,,,,,,,,,,,,,,,,,,,
,,,,,,,,,,,,,,,,,,,
,,,,,,,,,,,,,,,,,17.0,,
,,,,,,,,,,,,,,,,,,,
,,,,,,6.0,,,9.0,,,,,,,,,,
,,,,,,,,,,,,,,,,,,,
,,,,,5.0,,,,,,,,,,,,,,
,,,,,,,,,,,,,,,,,,,
,,2.0,,,,,,,,,,,,,,,,,
,,,,,,,,,,,,,,,,,,,
,,,,,,6.0,,,,,11.0,,,,,,,18.0,
,,,,,,,,,,,,,,,,,,,
,,,,,,,,,,,,,,,,,,,
,,,,,,,,,,,,,,,,,,,
,,,,,,,,,,,,,,,,,,,
,,,,,,,,,,,,,,,,,,,
,,,,,,,,,,,,,,,,,,,
,,,,,,,,,,,,,,,,,,,
,,,,,,,,,,,,,,,,,,,
,,,,,,,,,,,,,,,,,,,
,,,,,,,,,,,,,,,,,,,
,,,,,,,,,,,,,,,,,,,
,,,,,,,,,,,11.0,,,,,,,,
,,,,,,,,,,10.0,,,,,,,,,
,,,,,,,,,,,,,,,,,,,
,,,,4.0,,,,,,,,,,,,,,,
,,2.0,,,,,,,,,,,,,,,,,
,,,,,,,,,,,,,,,,16.0,,,
,,,,,,,,,,,,,,,,,,,
,,,,,,,,,,,11.0,,,,,,,,
,,,,,,,,,,,,,,,,,,,
,,,,,,,,,,,,,,,,,,,
,,,,,,,,,,,,,,,,,,,
,,,,,,,,,,,,,,,,,,,
,,,,,5.0,,,,,,,,,,,,,,
,,,,,,,,,,,,12.0,,,,,,18.0,
,,,,,5.0,,,,,,,,,,,,,,
,,,3.0,,,,,,,,,,,,,,,,
,,,3.0,,,,,,,,,,,,,,,,
,,2.0,,,,,,,,,,,,,15.0,,,,
,,,,,,,,,,,,,,,,,,,
,,,,,,,,,,,,,,,,,,,
,,,,,,,,,,,,,,,,,,,
,,,,,,,,,,,,,,,,,,,
,,,,,,,,,,,,,,,,,,,
,,,,,,,,,,,11.0,,,,,,17.0,,
,,,,,,,,,,,,,,,,,,,
,,,,,,,,,,,,,,,,,,,
,,,,,,,,,,,,,,,,,,,
,,,,,,,,,,,,,,,,,,,
,,,,,,,,,,,,,,,,,,,
,,,,,,,,,,,,,,,,,,,
,,,,,,,,,,,,,,,,,,,
,,,,,,,,,,,,,,,,,,,
,,,,,5.0,,,,9.0,,,,,,,,,,
,,,,,,,,,,,,,,,,,,,
,,,,,,,,,,,,,,,,,,,
,,,,,,,,,,,,,,,,,17.0,,
,,,,,,,,,,,,,,,,,,,
0.0,,,,,,,,,,,,,,,,,,,
,,,,,,,,,,,,,,,,,,,
,,,,,5.0,,,,,,,,,,,,,,
,,,,,,,,,,,,,,,,,,,
,,,,,,,,,,,,,,,,,17.0,,
,,,,,,,,,,,,,,,,,,,
,,,,,,,,,,,,,,,,,,,
,,,,,,,,,,,,,,,,,,,
,,,,,,,,,,,,,,,,,,,19.0
,,,,,,,,,,,,,,,,,,,
,,,,,,,,,,,,,,14.0,,,,,
,,,3.0,,,,,,,,,,,,,,,,
,,,,,,,,,,,,,,,,,,,
,,,,,,,,,,,,,,,,,,,
,,,,,,,,,,,,,,,,,,,
,,,,,,,,,,10.0,,,,,,,,,
,,,,,,,,,,,,,,,,,,,
0.0,,,,,,,,,,,,,,,,,,,
,,,3.0,,,,,,,,,,,,,,,,
,,,,,,,,,,,,,,,,,,,
,,,,,,,,,,,,,13.0,,,,,,
,,,,,,,,,,,,,,,,,,,
,,,,,,,,,,,,,,,,,,,
,,,,,,,,,,,,,,,,,,,
,,,,,,,,,,,,,,,,,,,19.0
,,,,,,,,,,,,,,,,,,,
,,,,,,,,,,,,,,,,,,,
,,,,,,,,,,,,,,,,,,,
,,,,,,,,,,,,,,,,16.0,,,
,,,,,,,,,,,,,,,,,17.0,,
,,,,,,,,,,,,,,,,,,,
,,,,,,,7.0,,,,,,,,,,,,
,,,,,,,,,,,,,,,,,,,
,,,,,,,,,,,,,,,,,,,
,1.0,,,,,,,,,,11.0,,,,15.0,,,,
,,,3.0,,,,,,,,,,,,,,,,
,,,,,,6.0,,,,,,,,,,,,,
0.0,,,,,,,,,,,,,,,,,,,
,,2.0,3.0,,,,,,,,,,,,,,,,
,,,,,,,,,,,,,,,,,,,
,,,,,,,,,,,,,,,,,,,
,1.0,,,,,,,,,,,,,,,,,,
0.0,,,,,5.0,,,,9.0,,,,,,,,17.0,,
,,,,,,,,,,,,,13.0,,15.0,,,,
,,,,,,,,,,,,,,,,,17.0,,
,,,,,,,,,,,,,,,,,,,
,,,3.0,,,,,,,,,,,,,,,,
,,,,,,,,,,,,,,,,,,,
,,,,,,,,,,,,,,,,,,,
,,,,,,,,,,,,,,,,,,,
,,,,,,,,,,,,,,,,,,,
,,,,,,,,,,,,,,,,,,,
,,,,,,,,,,,,,,,,,,,
,,,,,,,,,,,,,,,,,,,
,,,,,,,,,,,,,,,,,,,
,,,,,,,,,,,,,,,,,,,
,,,,,,,,,,,,,,,,,,,
,,,,,,,,,,,,,,,,,,,
,,,,,,,,,,,11.0,12.0,,,,,,,
,,,,,,,,,,,,,,,15.0,,,,
,,,,,,,,,,,,,,,,,,,
,,,,,,,,,,,,,,,,,,,
,,,,,,,,,,,,,,,,,,,
,,2.0,,,,,,,,,,,,,15.0,,,,
,,,,,,6.0,,,,,,,,,,,,,
,,,,,,,,,,,,,,,,,,,
,,,,,,,,,,,,,,,,,,,
,,,,,,,,,,,,12.0,,14.0,,,,,
,,,,,,,,,,,,,,,,,,,
,,,,,,,,,,,,,,,,,,,
,,,,,,,,,,,11.0,,13.0,,,,,,
,,2.0,,,,,,,,,,,,,,,,,
,,,,,,,,,,,,,,,,,,,
,,,,,,,,,,,,,,,,,,,
,,,,,,,,,,,,,,,,,,,
,,,,,,,,,9.0,,,,,,,16.0,,,
,,,,,,,,,,10.0,,,,,,,,,
0.0,,,,,,,,,,,,,,,,,,,
,,,,,,6.0,,,,,,,,14.0,,,,,
,,,,,,,,,,,,,13.0,,,,,,
0.0,,,,,,,,,,,,,,,,,,,
,,,,,,,,,,,,,,,,,,,
,,,,,,6.0,,,,,,,,,,,17.0,,
,,,,,,,,,,,,,,,,,,,
,,,,,,,,,,,,,,,,,,,
,,,,,,,,,,,,,,,,,,,
,,,,,,,,,,,,,,,,,,,
,,,,,,,,,,,,,13.0,,,,,,
,,,,,,,,,,,,12.0,13.0,,,,,18.0,
,,,,4.0,,,,,,,,,,,,,,,
,,,3.0,,,,,,,,,,,,,,,,
,,,3.0,,,,,,9.0,,,,,,,,,,
,,,,,,,,,,,,,,,,,,,
,,,,,,,,,,,,,,,,,,,
,,,,,,,,,,,,,,,,,,,
,,,,,,,,,,,,,,,,,,,
,,,,,,,,,,,,,,,,,,,
,,,,,,,,,,,,,,,,,17.0,,
,,,,,5.0,,,,,,,,,,,,,,
,,,,,,,,,,,,,,,,,,,
,,,,,5.0,,,,,,,,,,,,,,
,,,,,,,,,,,,,,,,,,,
,,,,,,,,,,10.0,,,,,,,,,
,,,,,,,,,,,,,,,,,,,
,,,,,,,,,,,,,,,15.0,,,,
,,,,,,,,,,,,,,,,16.0,,,
,,,,,,,,,,,,,,,,,,,
,,,,,,,,,,,,,,,,,,,
,,,,,,,,,,,,,,,,,,,
,,,,,,,,,,,,,,,,,,,
,,,,,5.0,,,,,,,,13.0,14.0,,,,,
,,,,,,,,,9.0,,,,,14.0,,,,,
,,,,,5.0,,,,,,,,,,,,,,
,1.0,,,,,,,,,,,12.0,,,,,,,
,,,,,5.0,,,,,,,,,,,,,,
0.0,,,,,,,,,,,,,,,,,,,
,,,,,,,,,,,,,,14.0,15.0,,,,
,,2.0,,,,,,,,,,,13.0,,,,,,
,,,,,,,,,,,,,,,,,,,
,,2.0,,,,,,,,,,,,,,,,,
,,,3.0,,,,,,,,,,,,,,,,
,,,,,,,,,,,,,,,,,,,
,,,,,,,,,,,,12.0,,,,,,,
,,,,,,,,,9.0,,,,,,,,17.0,,
,,,,,,,,,,,,,,,,,,,
,,,,,,,,,,,,,,,,,,,
,,,,,,,,,,,,,,,,,,,
,,,,,,,,,,,,,,14.0,,,,,
,,,,,,,,,,,,,,,,,,,
,,,,,,,,,9.0,,,,,,,,,,
,,,,,,,,,,,,,,,,,,,
,,,,,,,,,,,,,,,,,,,
,,,,,,,,,,,,,,14.0,,,,,
,,,,,,,,,,,,,,,,,,,
,,,,,,6.0,,,,,,,,,,,,,
,,,,,,,,,,,,,,,,,,,
,,,,,,,,,,,,,,,,,,,
,,,3.0,,,,,,,,,,13.0,,,,,,
,,,,,,,,,,,,,,,,,,,
0.0,,,,,,,,,,,,,,,,,,,
,,,,,,,,,,,,,,,,,,,
,,,,,,,,,,,,,,,,,,,
,,,,,,,,,,,,,,,,,,,
,,,,,,,,,,,,,,,,,,18.0,
,,,,,,,,,,,,,,,,,,,
,,,,,5.0,,,,,,,,,,,,,,
,,,3.0,,,,,,,,,,,,,16.0,,,
,,2.0,,,,,,,,,,,,,15.0,,,,
,,,,,,,,,,,,,,,,,17.0,,
,,,,,,,,,,,,,,,,,,18.0,
,,2.0,,,,,,,,,,,,,,,,,
0.0,,,,,,,,,,,,,,,,,,,
,,,3.0,,,,,,,,,,,,,,,,
,,,,,,,,,,,,,,,,,,18.0,
,,,,,,,,,,,,,,,,,,18.0,
,,,,,,,,,,,,,,,,,,,
,,,,,,,,,,,,,,,,,,,
,,,,,,,,,,,,,,,,,,,
,,,,,,,,,,,,,,,,,,,
,,,,,,,,,,,,,,,,,,,19.0
,,,,,,,,,,10.0,,,,,,,,,
,,,,,,,,,,,,,,,,,,,
,,,,,,,,,,,,,,,,,,,19.0
,,,,,,,,,,,,,,,,,,,
,,,3.0,,,,7.0,,,,,,13.0,,,,,,
,,,,,,,,,,,,,,,,,,,
,,,,,,,,,,,,,13.0,,,,,,
,,,,,,,,,,,,,,,,,,,
,,,,,,,,,,,,,,,,,,,
,,,,,,,,,,,,,,,,,,18.0,19.0
,,,,,,,,,,,,,,,,,,,
,,,,,,,,,,,,,,,,,,,
,,,,,,,,,,,,,,,,,,,
,,,,,,,,,,,,,,,,,,,
,,,,,,,,,,,,,,,,,,,
,,,,,,,,,,,,,,,,,,,
0.0,,,,,,,,,,,,,,,,,,,
,,,,,,,,,9.0,,,,,,,,,18.0,
,,,,,,,,,,,,,,,15.0,,,,
,,,,,,,,,,,,,,,,,,,
,,,,,,,,,,,,,,,,,,,19.0
,,,,,,,,,,,,,,,,,,,
,,,,,,,,,,,,,,,,,,,
,,,3.0,,,,,,,,,,,,,,,,
,,,,,,,,,,,,,13.0,,,,,,
,,,,,,,,,,,,,,,,,,,
,,,,,,,,,,,,,,,,,,,
,,,,,,,,,,,,,,,,,,,
,,,,,,,,,,,,,,,,,,,
,,,,,,,,,,,,,,,,,,,
,,,,,,6.0,,,,,,,13.0,,,,,,
,,,,,,,,,,,,,,,,,,,
,,,,,,,,,9.0,,11.0,,,,,,,,
,,,,,,,,,,,,,,,,,,18.0,
,,,3.0,,,,,,,,,,,,,,,,
,,,,,,,,,,,,,,,,16.0,,,
,,,,,,,,,,10.0,,,,,,16.0,,,
,,,,,,,,,,,,,,,,,,,
,,,,,,,,,9.0,,,,,,,,,18.0,
,,,,,,,,,,,,,,,,,17.0,,
,,,,,,,,,,,,,,,,,,,
,,,,,,,,,,,,,,,,,,,
,,,,,,,,,,10.0,,,,,,,,,
,,,,,,,,,,,,,,,,,,,
,,,,,,,,,,,,,,,,,,,
,1.0,,,,,,,,,,,,,,,,,,
,,,,,,,,,,,,,,14.0,,,,,
,,,,,,,,,,,,,,,,,,,
,,,,,,,,,,,,,,,,,,,
,,,,,,,,,,,,,,,,,,,
,,,,,,,,,,,,,,,,,,,
,,,,,,,,,,,,,,,,,17.0,,
,,,,,,,,8.0,,,,,,,,,,,
,,,,,,,,,,,,,,,,,,,
,,,,,,,,,9.0,,,,,,,,,,
,,,,,,,,,,,11.0,,,,,,,,
,,,,,,,,,,,,,,,,,,,
,,,,,,,,,,,,,,,,,,,
0.0,,,,,,,,,,,,,,,,,,,
,,,,,,,,,9.0,,,,,,,,,,
,,,,,,,,,,,,,,,,,17.0,,
0.0,,,,,,,,,,,,,13.0,,,,,,
,,,,,,,,,,,,,,14.0,,,,,
,,,,,,,,,,,11.0,,,,,,,,
,,,,,,,,,,,,,,,,,,18.0,
,,,,,,,,,,,,,,,,,,,19.0
,,,,,,6.0,,,,,,,,,,,,,
,,,,,,,,8.0,,,,,,,,,,,
,,,,,,,,,,,,,,,,,,,
,,,,,5.0,,,,,,,,,,,,,,
,,,,,,,,,,,,,,,,,,,
,,,,,,,,,,,,,,,,,,,
,,,,,,,,,,,,,,,,,,,
,,,,,,,,,,,,,,,,,,,
,,,,,,,,,9.0,,,,,,,,,,
,,,,,,,,,,,,,,,,,,18.0,
,,,,,,,,,,,,,,,,,,,
,,,,,,,,,,,,,,,,,,18.0,
,,,,,,,,,,10.0,,,,,,,,,
,,2.0,,,,,,,,,,,,,,,17.0,,
0.0,,,,,,,,,,,,,,14.0,,,,,
,,,,,,,,,,,,,,,,,,,
,,,,,,,,,,,,,,,,,,,
,,,,,,,,,,,,,,,,,,,
,,,,,,,,,,,,,,,,,,,
,,,,,,,,,,,,,,,,,,,
,,,,,,,,,,,,,,,,,,,
,,2.0,,4.0,,,,,,,,,,,,,,,
,,,,,,,,,,,,,,,,,,,
,,,,,,,,,,,,,,,,,,,
,,,,,,,,,,,,,,,,,,,
,,,,,,6.0,,,,,,,,,,,,,
,,,,,,,,,,,,,,,,,,,
0.0,,,,,,,,,,,,,,,,,,,
,,,,,,,,,,,11.0,,,,,,,,
,,,,,,,,,,,,,,,,,,,
,,,,,,,,,,,,,,,,,,,
,,,,,,,,,,,,,,,,,,,
,,,,,,,,,,,,,,,,,,,
,,,,,,,,,,,,,,,,,,,
0.0,,,,,,,,,,,,,,,,,,,
,,,,,,,,,,,,,,,,,,,
,,,3.0,,,,,,,,,,,,,,,,
,,,,,,,,,,,,,,,,,,,
,,,,,,,,,,,,,,,,,,,
,,,,,5.0,,,,,,,,,,,,,,
,,,,,,,,,,,,,,,,,17.0,,
,,,,,,,,,,,,,,,,,,,
,,,,,,,,,,,,,,,,,,,
0.0,,,,,,,,,,,,,,,,,,,
,,,,,,,,,,,,,,,,,,,
,,,,,5.0,,,,,,,,13.0,,,,,,
,,,,,,,,,,,,,,,,,,,
,,,,,,,,,,,,,,,,,,,
,,,,,,,,,,,,,,,,,,18.0,
,,,,,,6.0,,,,,,,,,,,,,
,,,3.0,,,,,,,,,,,,,,,,
,,,,,,,,,,,,,,,,,,,
,,,,,,,,,,,,,,,,,,18.0,
,,,3.0,,,,,,,,,,,,,,,,
,,,,,,,,,,,,,,,,,,,
,,,,,,,,,,,,,,,,,,,
,,,,,,,,,,,,,,,,,,,
,,,,,,,,,,,,,,,,,,,
,,,,,,,,,,,,,,,,,,,
,,,,,,,,,,,,,,,,,,,
,,,,,,,7.0,,,,,,,,,,,,
0.0,,,,,,,,,9.0,10.0,,,,14.0,,,,,
,,,,,,,,,,,,,,,,,,,
,,,,,,,,,,,,,,,,,,,
,,,,,,,,,,,,,,,,,,,
,,,,,,,,,,,,,,,,,,18.0,
,,,,,,,,,,,,,,,,,,,
,,,,,,,,,,,,,,,,,,,
,,,,,,,,,,,,,,,,,,,
,,,,,,,,,,,,,,,,,,,
,,2.0,,,,6.0,,,,,,,,,,,,,
,,,,,,,,,,,,,,,,,,,
,,,,,,,,,,,,,,14.0,,,,,
,,,,,,,,,,,,,,14.0,,,,,
,,,,,,,,,,,,,,,,,,,
,,,,,,,,,,,,,13.0,,,,,,
,,,,,,,,,,,,,,,,,,,
,,,,,,,,,,,,,,,,,,,
,,,,,,,,,,,,,,,,,17.0,,
,,,,,,,,,,,,,,,,,,,
,,,,,,,,,,,,12.0,,,,,,,
,,,,,,,,,,,,,,,,,,,
,,,,,,,,,,,,,,,,,,,
,,2.0,,,,,,,,,,12.0,,,,,,,
,,,,,,,,,9.0,,,,,,,,,,
0.0,,,,,,,,,,,,,,,,,,,
0.0,,,,,,,,,,,,,,,,,,,
,,,,,,,,,,,,,,,,,,,
,,,,,,,,,,,,,,,,,,,
,,,,,,,,,,,,,,,,,,,
,,,,,,,,,,,,,,,,,,,
,,,,,,,,,,,,,,,,,,,
,,,,,,,,,,,,,,,,,,,
,,,,,,,,,,,,,,,,,,,
,,,,,,,,,,,,,,,,,,,
,,,,,,,,,,,,,,14.0,,,,,
,,,,,,,,,,,,,,,,,,,
,,,,,,,,,,,,,,,,,,,
,,,,,,,,,,,,,,,,,,,
,,,,,,,,,,,,,,,,,,,
,,,,,,,,,,,,,,,,,,,
,,,,,,,,,,,,,,,,,,,
,,,,,,,,,,,,,,,,,,,
,,,,,,,,,,,,,,,,,,,
,,,3.0,,,,,,,,,,,,,,,,
,,,,,,,,,,,,,,,,,,,
,,,,,5.0,,,,,,11.0,,,14.0,15.0,,,,
,,,,,,,,,,,11.0,,,,,,,,
,1.0,,,,,,,,,,,,,,,,,,
,,,,,,,,,,,,,,,,,,,
,,,3.0,,,,,,,,,,,,,,,,
,,,,,,,,,,,,,,,15.0,,,,
,,,,,,6.0,,,,,,,,,,16.0,,,
,,,,,,,,,,,11.0,,,,,,,,
,,,,,,,,,,,,,,,,,,18.0,
,,,,,,,,,,,,,,,,,,,
,,,,,,,,,,,,,,,,,,,
,,,,,,,,,,,,,,,,,,,
,,,,,,,,,,,,,13.0,,,,,,
,,,,,,,,,,,,,,,,,,,
,,,,,,,,,9.0,,,,,,,,,,
,,,,,,,,,,,,,,,,,,,
,,,,,,,,,,,,,,,,,,,
,,,,,,6.0,,,,,,,,,,,,,
,,2.0,,,,,,,,,,,,,,,,,
,,,,,,,,,,,,,,,,,,,
0.0,,,,,,,,,,,,,,,,,,,
,,,,,,,,,,,,,,,,,,,
,,,3.0,,5.0,,,,,,,,,,,,17.0,,
,,,,,,,,,,,,,,,,,,,
,,,,,,,,,,,,,,,,,,,
,,,,,,6.0,,,,,,,,,,,,,
,,,,,,,,,,,,,,,,,,,
,,,,,,,,,,10.0,,,,,,,,,
,,,,,,,,,,,,,,,,,,,
,,,,,,,,,,,,,,,,,,,
,,,,,,,,,,,,,,,,,,,
,,,,,,,,,,,,,,,,,,,
,,,,,,,,,,,,,,,,,,,
,,,,,,,,,,,,,,,,,,,
,,,,,,,,,,,,,,,,,,,
,,,,,,,,,,,,,,,,,,,
,,,,,,,,,,,,,,,,,,,
,,,,,,,,,,,,,,,,,,,
,,,,,,,,,,,,,,,,,,,
,,,,,,6.0,,,9.0,,,,,,,,,,
,,,,,,,,,,,,,,,,,,,
,,,,,,,,,,,,,,,,,,,
,,,,,,6.0,,,,,,,,,,,,,
,,,,,,,,,,,,,,,,,,,
,,,,,,,,,,,,,,,,,,,
,,,,,,,,,,,,,,,,,,,
,,,,,,,,,,,,,,14.0,,,,,
,,,,,,,,,,,,,,,,,,,
,,,,,,,,,,,,,,,,,,,
,,,,,5.0,,,,,,,,,,,,,,
,,,,,5.0,,,,,,,,,,,,,,
,,,,,,,,,,,,,,,,,,,
,,,,,,,,,,,,,,,,,,,
,,,,,,,,,,,,,,,,,,,
,,,,,,,,,,,,,,,,,,,
,,,,4.0,,,,,,,,,,,,,,,
,,,,,,,,,,,,,,,,,,,
,,,,,,,,,,,,,,,,,,,19.0
,,,,,,,,,,,,,,,,,,,
,,,,,,,,,,,,,,,,,,,
,,,,,,,,,,,,,,14.0,,,,,
,,,,,,,,,,,,,,,,,,,
,,,,,,,7.0,,,,,,,,,,,,
,,,,,,,,,,,,,,,,,,,
,,,,,,,,,,,,,,,,,,,
,,,,,,,,,,,,,,,,,,,
,,,,,,,,,,,,,,,,,,,
,,,,,5.0,,,,,,,,,,,,,,
,,,,,,,,,,,,,,,,,,,
,,,,,5.0,,,,,,,,,,,,,,
,,,,,,,,,,,,,,,,,,,
,,,,,,,,,,,,,,,,,,,
,,,,,,,,,,,,,,,,,17.0,,
,,,,,,,,,,,,,,,,,,,
,,,,,,,,,,,,,,,,,,,
,,,,,,,,,,,,,,,,,,,
,,,,,,,,,,,,,13.0,,,,,,
,,2.0,,,,,,,,,,,,,,,,,
,,,,,,6.0,,,,,,,,,,,,,
,,,,,,,,,,,,,,,,,,,
,,,3.0,,,,,,,,,,,,,,,,
,,,3.0,,,,,,,,,,,,,,,,
,,,,,,,,,,10.0,,,,,,,,,
,,,,,,,,,,,,,,14.0,,,,,
,,,,,,,,,,,,,,,15.0,,,,
,,,,,5.0,,,8.0,,,,,,,,,,,
,,,,,,,,,,,,,,,,,,,
,,,,,,,,,,,,,,,,,,,
,,,,,,,,,,,,,,,,,,,
,,,3.0,,,,,,,,,,,14.0,,,,,
,,,,,,,,,,,,,,,,,,18.0,
,,,,,,,,,,,,,,,,,,,
,,,,,5.0,,,,,,,,,,,,,,
,,,,,,,,8.0,,,,,,,,,17.0,,
,1.0,,,,,,,,,,,,,14.0,,,,,
,,,,,,,,,,,,,,,,,,,
,,,,,,,,,,,,,,,,,,,
,,,,,,,,,,,,,,,,,,,
,,,,,,,,,,,,,,,,,,,
,,,,,,,,,,,,,,,,,,,
,,,,,,,,,,,,,,,,,,,
,,,,,,6.0,,,,,,,,,,,,,
,,,,,,,,,,,,,,,,,,,
,,,,,,,,,,,,,,14.0,,,,,
,,2.0,,,,,,,,,11.0,,,14.0,,,,,
,,,,,,,,,,,,,,,,,,,
,,,,,,,,,,,,,,,,,,,
,,,,,,,,,,,,,,,,,,,
0.0,,,,,,,,,,,,,,,,,,,
,,,,,,,,,,,,,,,,,,,
,,,,,,,,,,,,,,,,,,,
,,,,,,,,,,,,,,,,,,,
,,,,,,6.0,,,,,,,,,,,,,
,,,,,,,,,,,,,,,,,17.0,,
,,2.0,,,,,,,,,,12.0,,,,,,,
,,,,,,,,,,10.0,,,,,,,,,
,,,,,,,,,,,,,,,,,,,
,,,,,,,,,,,,,,,,,,,
,,,,,,,,,,,,,,,,16.0,,,
,,,,,,,,,,,,,,,,,,,
,,,,,,,,,,,,,,,,,,,
,,,3.0,,,,,,,,,,,,,,,,
0.0,,,,,,,,,,,,,,,15.0,,,,
,1.0,,,,,,,,,10.0,,,,,,,,,
,,,,,,,,,9.0,,,,,,,,,,
,,,,,,,,,,,,,,,,,,,
,,,,,,,,,,,,,,,,,,,
,,,,,,,,,9.0,,,,,,,,,,
,,,,,5.0,,,,,,,,,,,,,,
,,,,,,,,,,,11.0,,,14.0,,,,,
0.0,,,,,,,,,,,,,,,,,,,
,,,,,,,,,9.0,,11.0,,,,,,,,
,,,,,,,,,,,,,,,,,,,
,,,3.0,,,,,,,,,,,,,,,,
,,,,,,,,,9.0,,,,,,,,,,
,,,,,,6.0,,,,,,,,,15.0,,,,
0.0,,,3.0,,,,,,,,,,,,,,,,19.0
,,,,,,,,,,,,,,,,,,,
,,,,,,,,,,,,,,,,,,,
,,,,,,,,,,,,,,,,,17.0,,
,,,,,,,,,,,,,13.0,,,,,,
,,2.0,,,,,,,,,,,,,,,,,
,,,,,,,,,9.0,,,,,,,,,,
,,,,,,,,,,,,,,14.0,,,,,
,,,,,5.0,,,,,,,,,,,,,,
,,,,,,,,,,,,,,,,,,,
,,,,,,,,,,,,,,14.0,,,,,
,,,,,,,,,,,,,,,,,,,
,,,,,,,,,,,,,,,,,,,
,,,,,,,,,,,,,,,,,,18.0,
,,,,,,,,,,,,,,,15.0,,,,
,,,,,,,,,,,,,,,,,,,
,,,,,,,,,,,,,,,,,,,19.0
,,,,,,,,,,,,,,,,,,,
,,,,,,,,,,,11.0,,,,,,,,
,,,,,,,,,,,,,,,,,,,
,,,,,,,7.0,,,,,,,,,,,,
,,,,,,6.0,,,,,,,,,,,,,
0.0,,,,,,,,,,,,,,,,,,,
,,,,,,,,,,10.0,,,,,,,,,
,,,,,,,,,,,,,,,,,,,
,,,,,,,,,9.0,,,,,,,,,,19.0
,,,,,,,,,,,,,,,,,,,
,,,,,,,,,,,,,,,,,,,
,,,3.0,,,,,,,,11.0,,,,,,,,
,,,,,,,,,,,,,,,,,,,
,,,,,,,,,,,,,13.0,,,,,18.0,
,1.0,,,,,,,,,,11.0,,,,,,,,
,,,,,,,,,,,,,,,,,,,
,,,,,5.0,,,,,10.0,,,,,,,,,
,,,,,,,,,,,,,,14.0,,,17.0,,
,,,,,,,,,,,,,,,,,,,
,,,,,,,,,,,,,,,,,,,
,,2.0,,,,,,,9.0,,11.0,,,,,,,,
,,,,,,,,,,,,,,,,,,,19.0
,,,,,,,,,,,,,,,,,,,
,,,,,,,,,,,,,,,,,,,
,,,,,,,,,,,,,,,,,,,
,,,,,,,,,,,,,,,,,,,
,,,,,,,,,,,,12.0,,,,,,,
,,,,,,,,,,,,,,,,,,,
0.0,,,,,,,,,,,,,,,,,,,
,,,,,,,,,,,,,,,,,,,
,,,,,,,,,9.0,,,,,,,,,,
,,,,,5.0,,,,,,,,,,,,,,
,,,,,,,,,,,,,,,,,,,
,,,,,,,,,,,,,13.0,,,,,,
,,,,,,,,,,,,,,,,,,,
,,,,,,,,,,,,,,,,,,,
,,,,,,,,,,,,,,,,,,,
,,,,,5.0,,,,,,,,,,,,,,
,,,,,,,,,,,,,,,,,,,
,,,,,,,,,,,,,,,,,,,
,,,,,,,,,,,,,,,,,,,
0.0,,,,,,,,,,,,,,,,,,,
,,2.0,3.0,,,,,,,,,,,,,,,,
,,,,,,,,,,,,,,,,,,,
,,,,,,,,,,,,,,14.0,,,,,
,,,,,,,,,,,,,,,,,,,
,,,,,,,,,,,,,,,,,,,
,,,,,,,,,,,,,,,,,,,
,,,,,,,,,,,,,,,,,,,
,,,,,,6.0,,,,,,,,14.0,,,,,
,,,3.0,,,,,,,,,,,,,,,,
,,,,,,,,,,,,,,,,,,,
,,,,,,,,,,10.0,11.0,,,,,,,,
,,,,,,,,,,,,,,,,,,,
,,,,,,,,,,,,,,,,,,,
,,,,,,,,,,,,,,,,,,,
,,,,,,,,,,,,,,14.0,,,,,
,,,,,,,,,,,,,,,,,,,
0.0,,2.0,,,,,,,,,,,,,,,,,
,,2.0,,,,,,,,,,,,,,,,,
,,,,,,,,,,,,,,,,,,,
,,,,,,,,,,,,,,14.0,,,,,
,,,,,,,,,,,,,,,,,,,
,,,,,,,,,,,,,,,,,,,
,,,,,,,,,,,,,,,,,,,
,,,,,,,,,,,,12.0,,,,,,,
,,2.0,,,,6.0,,,,,,,,,,,,,
,,,,,,,,,,,,,,,,,,,
,,2.0,,,5.0,6.0,,,9.0,,,,,,,,,,
,,,,,,,,,,,,,,14.0,,,,,
,,,,,,,,,,,,,,,,,,,
,,,,,,,,,9.0,,,,,,,,,,
,,,,,,,,,,,,,,,,,,,
,,,,,,,,,,,,,,,,,,,
,,,,,5.0,,,,,,,,,,,,,,
,,,,,,,,,,,,,,,,,,,
,,,,,,,,,,,,,,14.0,,,,,
,,,,,,,,,,,,,,,,,17.0,,
0.0,,,,,,,,,,,,,,,,,,,
,,,,,,,,,,,,,,,,,,,
,,,,,5.0,,,8.0,,,,,,,,,,,
,,,,,,,,,,,,,,,,,,,
,,,,,,,,,,,,,,,,,,,
,,,,,,,,,,,,12.0,,,,,,,
,,,,,,,,,9.0,,,,,,,,,,
,,,,,,,,8.0,,,,,,,,,,,
,,,3.0,,,,,,,,,,,,,,,,
,,,,,,,,,,,,,13.0,,,,,,
,,,,,,,,,,,,,,,,,,,
,,,,,,,,,,,,12.0,,,,,,,
,,2.0,,,,,,,,,,,,,,,,,
,,,,,,,,,,,,,,,,,,,
,,,,,,,,,,,,,,,,,,,
,,,,,,,,,,,,,,,,,,,
,,,,,,,,,,,,,,,,,,,
,,,,4.0,,,,,,,,,,,,,17.0,,
,,,,,,,,,,,,,,,15.0,,,,
,,,,,,,,,,,,,,,,,,,
,,,,,,,,,,,,,,,,,,,
,,,,,,,,,,,,,,,,,,18.0,
,,,,,,6.0,,,,,,,,14.0,,,,,
,,,,,,6.0,,,,,,,,,,,,,
,,,,,,,,,,,,,,,,,,,
,,,,,,,,,9.0,,,,,,,,,,
,,,,,,,,,,,,,,,,,,,
,,,,,,,,,,,11.0,,,,,,,,
,,,,,,,,,,,,,,,,,,,
,,2.0,,,,,,,,,,,,,,,,,
0.0,,,,,,,,,,,,,,,,,,,
,,,,,,,,,,,,,,,,,,,
,,,,,,,,,,,,,,,,,,,
,,,,,5.0,,,,,,,,,,,,,,
,,,,,,,,,,,,,,,,,,,
,,,,,,,,,,,,,,,,,,,
,,,,,,,,,,,,,,,,,,,
,,,,,,,,,,,,,,,,,,,
,,,,,,,,,,,,,,,,,,,
,,,,,,,,,,,,,,,,,,,
,,,,,,,,,,,,,,,,,,,
,,,3.0,,5.0,,,,,,,,,,,,,,
,,,,,,,,,,,,,,,,,17.0,,
,,,,,,,,,,,,,,,,,,,
,,,3.0,,,,,,,,,,,,,,,,
,,,,,,,,,,,,,,,,,,18.0,
,,,,,,,,,,,,,,,,,,,
,,,,,5.0,,,8.0,,,,,,,,,,,
,,,,,,,,,,,,,,,,,,,
,,,,,,,,,,,,,13.0,,,,,,
,,,,,,,,,9.0,,,,,,,,,,
0.0,,,,,,,,,,,,,,,,,,,
,,,,,,,,,,,,,,,,,,,
,,,,,,,,,,,,,,,,,,,
,,,,4.0,,,,,,,,,,,,,,,
,,,,,,,,,9.0,,,,,,,,,,
,,,,,,,,8.0,,,,,,,,,,,
0.0,,,,,,,,,,,,,,,,,,,
,,,,,,,,,,,,,,,,,,,
,,,3.0,,,,,,,,,,,,,,,,
,,,,,,,,,,,,,,,,,,,19.0
,,,,,,,,,,,,,,,,,,,
,,,,,,,,,,,,,13.0,14.0,,,,,
,,,,,,,,,,,,,,,,,,,
,,,,,,,,,,,,,,,,,,,
,,,,,,,,,,,,,,,,,,,
,,,3.0,,,,,,,,,,,,15.0,,,,
,,,,,,,,,,,,,13.0,,,,,,
,,,,,5.0,,,,,,,,,,,,,,
,,,,,,,,,,10.0,,,,,,,,,
,,,,,,,,,,,,,,,,,,,
,1.0,,,,,,,,,10.0,,,,,,,,,
,,,,,,,,,9.0,,,12.0,,,,,,18.0,
,,,,,,,,,,,,,,,,,,,
,,,,,,6.0,,,,,11.0,,,,,,,18.0,
,,,,,,,,,,,,,,,,,,,
,,,,,,,,,,,,,,,,,,,
,,,,,,,,,,,,,,,,,,,
,,,,,,,,,,,,,,,,,,,
,,,,,,,,,,,,,,,15.0,,,,
,,,,,,,,,,,,,,,,,,,
,,,,,,,,,,,,,,,,,,,
,,,,,,,,,,,,,,,,,,18.0,
,,,3.0,,,,,,9.0,,,,,,,,,,
,,,,,,,,,,10.0,,,,,,,,,
,,,,,,,,,,10.0,,,,,,,,,
,,,,,,,,,,,,,,,,,,,
,,,,,,,,,,,,,,,,,,,
,,,,,,,,,,,,,,,,,,,
,,,,,,,,,,,,,,,,,,,
,,,,,,,,,,,11.0,,,,,,,,19.0
,,,,,5.0,,,,,,,,,,,,,,
,,,,,,,,,,,,,,,,,,,
,,,,,,,,,,,,,,,,,,,
,,,,4.0,,,,,,,,12.0,,,,,,,
,,,,,,,,,,,,,,,,,,,
,,,,,,,,,,,,,,,,,,,
,,,,,,,,,,,,,,,,,,,
,,,,,,,,8.0,,,,,,,,,,,
,,,,,,,,,,,,,,,,,,,
,,,,,,,,,9.0,,,,,,,,17.0,,
,,,,,,,,,,,,,,,,,,,
,,,,,,,,,,,,,,,,,,,
,,,,,,,,,,,,,,,,,,,
,,,,,,,,,,,,,,,,,,,
,,,,,,,,,,,,,,,,,,,
,,,,,,,,,,10.0,,,,,,,,,
,,,,,,,,,,,,,,,,,,,
,,,,,,6.0,,,,,,,,,,,,,
,,,,,,,,,,10.0,,,,,,,,,
,,,3.0,,,,,,,,,,,,,,,,
,,,,,,,,,,,,,,,,,,,
,,,,,,6.0,,,,,,,,,,,,,
,,,,,,,,,,,,,,,,,,,
,,,,,,,,,,,,,,,,,,,
,,,,,,,,,,,,,,,,,,,
,,,,,,,7.0,8.0,,,,,,,,,,18.0,19.0
0.0,,,,,,,,,9.0,,,,,,,,,,
,,,,,,,,,,,,,,,,,,18.0,
0.0,,,,,,,,,,,,,,,,,,,
,,,,,,,,,,,,,,,,,,,
,,,,,,,,,,,,,,,,,,,
,,,,,,,,,,,,,,,,,,,
,,,,,,,,,,,,,,,,,,,
,,,,,,,,,,,,,,,,,,,
,,,,,,,,,,,,,,,,,,,
,,,,,,,,,,,,12.0,,,,,,,
,,,,,5.0,,,,,,11.0,,,,,,,,
,,,3.0,,,,,,,,,,13.0,,,,,,
,,,,,,,,,,,,,,,,,,,
,,,,,5.0,,,,,,,,,,,,17.0,,
,,,,,,,,,,,,,,,,,,,
,,,,,,,,,,,,,,,,,,,
,,,,,,,,,,,,,,,,,,,
,,,,,,,,,,,,,,,,,,,
,,,,,,6.0,,,,,,,,,,,,,
,,,,,,,,,,,,,,14.0,15.0,,,,
,,,,,,,,,,,,,,,,,,,
,,,,,,,,,,,,,,,,,,,
,,,,,,,,,,,,,,,,,,,
,,,,,,,,,,,,,,,,,,,
,,,,,,,,,,10.0,,,,,,,,,
,,,,,5.0,,,,,10.0,,,,,,,,,
,,,,,,,,,,,,,,,,,,,
,,,3.0,,,,,,9.0,,,,,,,,,,
0.0,,,,,,,7.0,,,,,,,,,,,,
,,,,,,,,,,,,,,,,,,,
,,,3.0,,,,,,,,,,,,,,,,
,,,,,,,,,,10.0,,,,,,,,,
,,,,,,,,,,,11.0,,,,,,,,
,,,,,,,,,,,,12.0,,,,,,,
0.0,,,,,,,,,,,,,,,,,,,
,,,,,,,,,,,,,,,,,,,
,,,,,,,,,,,,,,,,,,18.0,
,,,,,,,,,,,,,,,,,,,
,,,,,,,7.0,,,,,,,,,,,,
,,,,,,,,,,,,,,,,,,,
,,,,,,,,,,,,,13.0,,,,,,
,,,,,,,,,,,,,,,,,,,
,,,3.0,,,,,,,,,,,,,,,,19.0
,,,,,,,,,,,,,,,,,,,
,,,,,5.0,,,,,,,,,,,,,,
,,,,,,,,,,,,,,,,,,,
,,,,,5.0,,,,,,,,,,,,,,
,,,,,,,,,,,,,13.0,,,,,,
,,,,,,,,,,,,,,,,,,,
,,,,,,,,,,,,,,,,,,,
,,,,,,,,,,,,,,,,,,,
,,,,,,,,,,,,,,,,,,,
,,,,,,,,,,,,,,,,,,,
,,,,,,,7.0,,,,,,,,,,,,
,,,,,,6.0,7.0,,9.0,,,,,,,,,,
,,,,,,,,,,,,,13.0,,,,,,
,,2.0,,,,,,,,10.0,,,,,,,17.0,18.0,
,,,,,,,,,,10.0,,,,,,,,,
,,,,,,,,,,10.0,,,,,,,,,
,,,,4.0,5.0,,,,,,,,,,,,,,
,,,,,,,,,,,,,,,,,,,
,,,,,,,,,,,11.0,,,,,,,,
,,,,,,,,,,,,,,,,,,,
,,,,,,,,,,,,,,,,,,,
,,,3.0,,,,,,,,,,,,,,,,
,,,,,,,,,,,,,,,,,,,
,,,,,,,,,,,,,,,,,,,
0.0,,,,,,,,,,,,,,,,,,,
,,,,,,,,,,,,,,,,,,,
,,,,4.0,,,,,,,,,,,,,,,
,,,,,,,,,,10.0,,,,,,,,,
,,,,,,,,8.0,,,,,,14.0,,,,,
,,,,,,6.0,,,,,,,,,,,,,
,,,,,,,7.0,,,,,,,14.0,,,,,
,,,,,,,,,,,,12.0,,,,,,,
,,,,,,,,,,,,,,,,,,,
,,,,,,,,,,,,12.0,,,,,,,
,,,,,,,,,,,,,,,,,17.0,,
,,,,,,,,,,,,,,,,,,,
,,,,,,,,,,,,,,,,,,,
,,,,,,,,,,,,,,,,,,,
,,,,,,,,,,10.0,,,,,,,,,
,,,,,,,,,,,,,,,,,,,
,,,,4.0,,,,,,,,,,,,,,,
,,,,,,,,,,,,,,,,,,,
,,,,,,,,,,,,,,,,,,,
,,,,,,,,,,,,,,,,,,,
,,,,,,,,,,,,,,,,,,,
,,,,,,,,,,,,,,,,,,,
,,,,,,,,,,,,,13.0,,,,,,
,,,,,,,,,,,,,,,,,,,
,,,,,,,,,,,,,,,,,,,
,,,,,,,,,,,,,,,,,,,
,,,,,,,,,,,,,,,,,,,
,,,3.0,,,,,,,,,,,,,,,,
,,,,,,,,,,,,,,,,,,18.0,
,,2.0,,,,,,,,,,,,,,,,,
,,,,,,,,,,,,,,,,,,,
,,,,,,,,,,,,,,,,,,,
,,,,,,,,,,,,,,,,,,,
,,,,,,,,,,,,,,14.0,,,,,
,,,,,,,,,,,,,,,,,,18.0,
,,,,,,,,,,,,,,,,,,,
,,,,,,,,,,,,,,,15.0,,,,
,,,,,,,,,9.0,,,,,,,,,,
,,,,,,,,,,,,,,14.0,15.0,,,,
,,,,4.0,,,,,,,,,,,,,,,
,,,,,5.0,,,,,,,,,,,,,,
,,,,,,,,,,,,,,,,,,,
,,,,,,,,,,,,,,,,,,,
,,,,,,,,,,,,,,,,,,,
,,,,,,,,,,,,,,,,,,,
,,,,,,,,,,,,,,,,,,,
,,,,,,,,,,,,,,,,,,,
,,,,,,,,,,,,,,,,,,,
,,,,,,,,,,,,,,,,,,,19.0
,,,,,,,,,,,,,,,,,,,
,,,,,,,,,,,,,,,,,,,
,,,,,,,,,,,,,,14.0,,,,,
,,,,,,,,,,,,12.0,,,,,,18.0,
,,,,,,,,,,,,,,,,,,18.0,
,,,,,,,,,,,,,,,,,,,
,,2.0,,,,,,,,,,,,,,,,,
,,,,4.0,,,,,,,,,,,,,17.0,,
0.0,,,,,,,,,,,,,,,,,,,
,,,,,,,,,,,,,,,,,,,
,,2.0,,,,,,,,,,,,,,,,,
,,,,,,,7.0,,,,,,,,,,,,
,,,,,,,7.0,,,,,,,,,16.0,,,
,,,,,,,,,,,,,,,,,,,
,,,,,,,,,,,,,,,15.0,,,,
,,,3.0,,,,,,,,,,,,,,,,
,,,,,,,,,,,,,,,,,,,
,,,,,,,,,,,,,,,,,,,
,,,,,,,,,9.0,,,,,,,,,,
,,,,,,,,,,,,,,,,,,,
,,,,,,,,,,,,,,,,,,,
,,,,,,,,,,,,,,,,,,,
,,,,,,,,,,,,,,,,,,,
,,,,,,,,,,,,,,,15.0,,,,
,,,,,,,,,,,,,,,,,,,
,,,,,,,,,,,,,,,,,,,
,,,,,,,,,,,,,,,,,,,
,,,,,,,,,,,,,,,,,,,
,,,,,,,,,,,,,13.0,,,,,18.0,
0.0,,,,,,,,,,,,,,,,,,,
,,,,,,,,,,,,,,,,,,,
,,,,,,,,,,,,,,,,,,,
,,,,,,,,,,,,,,,,,,,
,,,,,,,,,,,,,,,,,,,
0.0,,,,,,,7.0,,,,,,,,,,,,
,,,,,,,,,,,,,,,,,,,
,,,,,,,7.0,,,,,,,,,,,,
,,,,,,,,,,,,,,,,,,,
,,,,,,,,,,,,,,14.0,,,,,
,,,,,5.0,,,,,,,,,,,,,,
,,,,,,,,,,,11.0,,,,,,,,
,,,,,,,,,,,,,,,,,,,
,,,,,,,,,,,,,,14.0,,,,,
,,,,,,,,,,,,,,,,,,,
,,,,,,,,,,,,,,,,,,,
0.0,,,,,,,,,,,,,,,,,,,
,,,,,,,,,,,,,,,,,,,
,,,,,,,7.0,,,,,,,,,,,,
0.0,,,,,,,,,,10.0,,,,,,,,,
,,,,,,,,,,,,,,,,,,,
,,,,,,6.0,,,,,,,,,,,,,
,,,,,,,,,,,,,,,,,,,
,,,,,,,,,,,,,,,,,,,
,,,,,,,,,,,,,13.0,,,,,,
,,,,,,,,,,,,,,,,,,,
,,,,,,,,8.0,9.0,,11.0,,,,,,,,
,,,,,,,,,,,,,,,,,,,
,,,,,,,,,,,,,,,,,,,
,,,,,,,,,9.0,,,,,,,,,,
,,,,,,,,,,,,,,,,,,,
,,,,,,,,,,,,,,,,,,,
,,,,,,,,,,,,,13.0,,,,,,
,,,,,,,,,,,,,,,,16.0,,,
,,,3.0,,,,,,,,,,,,,,,,
,,,,,,,,,,,,,,,,,,,
,,,,,,,,,,,,,,,,,,,
,,,,,,,,,9.0,,,,,,,,,,
,,,,,,,,,,,,,,,,,,,
,,,,,,,,,,,,,,,,,,,
,,,,,,,,,,,,,,,,,,,
0.0,,,,,,,,,,,,,,,,,,,
,,,,,,,,,,,,,,14.0,,,17.0,18.0,
,,,,,,,,,,,,,,,,,,,
,,,,,,,,,,,,,,,,,,,
,,,,,,,,,,,,,,,15.0,,,,
,,,,,,,,,,,,,,,,,,,
,,,,,,,,,,,,,,,15.0,,,,
,,,,,,,,,,,,,,,,,,,
,,,,,,,,,,,,,,,,,,,
,,,,,,,,,,,,,,,,,,,
,,,,,,,,,,,,,,,,,,,
,,,,,,,,,,,,,,,,,,,
,,,,,,,,,,,,,,,,,,,
,,,,,,,,,,10.0,,,,,,,,,
0.0,,2.0,,,,,,,,,,,,,,,,,
,,,,,,6.0,,,,,,,,,,,,,
0.0,,,,,,,,,,,,,,,,,17.0,,
,,,,,,,,,,,,,,,,,,,
,,,,,,,,,,,,,,,,,,,
,,,,,,,,,,,,,,,,,,,
,,,,,,,,,,,,,,,,,,,
,,,,,5.0,,,,,,,,,,,,,,
,,,,,,,,,,,,,,,,,,,
,,2.0,,,,,,,,,,,,,,,,,
,,,,,,,,,,,11.0,,,,,16.0,,,
,,,,,,,,,,,,,,,,,,,
,,,,,,,,,,,,,,,,,,,
,,,,,,,,,,,,,,,,,,,
,,,,,,,,,,,11.0,,,,,,,,
,,,,,,,,,,,,,,,,,,,
,,,,,5.0,,,,,,,,,,,,,,
,,,3.0,,,,,,9.0,,,,,,,,,,
,,,,,,,,,,,,,,14.0,,,,,
,,,,,5.0,,,,9.0,,,,,,,,,,
,,,,,,,,,,,,,,,,,,,
,,,,,,,,,,,,,,,,,17.0,,
,,,,,5.0,,,,,,,,,,,,,,
,,,,,,,,,,,,,,,,,,,
,,,,,,,,,,,,,,,,,,,
,,,,,,,,,,,,,,,,16.0,,,
,,2.0,,,,,,,,,,,,,,,,,
,,,,,,,,,,,,,,,,,,,
,,,,4.0,,,,,,,,,,,,,,,
,,,,,,6.0,,,9.0,,,,,,,,,,
,,,,,,6.0,,,,,,,,,,,,,
,,,,,,,,,,,,,,,,,,18.0,
,,,,,,,,,,,,,,14.0,,,,,
,,,3.0,,,,,,,,,,,,,,,,
,1.0,,,,,,,,,,,,,,,,,,
,,,,,,,,,,,,,,,,,,,
0.0,,,,,,,,,,,,,,,,,,,
,,,,,,,,,9.0,,,,,,,,,,
,,,,,,,,,,,,,,,,,,,
,,,,,,,,,,,,,,,,,,,
,,,,,,,,,9.0,,,,,,,,,,
0.0,,,,,,,,,,10.0,,12.0,,,,,,,
,,,,,,6.0,,,,,,,,,,,,,
,,,,,,,,,9.0,,,,,14.0,,,,,
,,,,,,,,,,,,,,,,,,,
,,2.0,,,,,,,,,,,,,,,,,
,,,,,,,,,,,,,,,,,,,
,,,,,,,,,,,,,,,,,,,
0.0,,,,,,,,,,,,,,,,,,,
,,,,,,,,,,,,,,,,,,,
,,2.0,,,,,,,,,,,,,,,,,
,1.0,,,,,,,8.0,,,,,,,,,,,
,,,,,,,,,,,,,,,,,,,
,,,,,,,,,,,,,,,,,,,
,,,,,,,,,,,,,,,,,,,
,,2.0,,,,,,,,10.0,,,,,,,,,
,,,,,,,,,,,,,,,,,,,
,,,,,,,,,,,,,,,,,,,
,,,,,,,,,,,,,,,,,,,
,,,,,5.0,,,,,,,,,,,,,,
