ax-row-0-col-0_trace-id-a_variable-kde_x,ax-row-0-col-0_trace-id-a_variable-kde_density,ax-row-0-col-0_trace-id-a_variable-kde_n,ax-row-0-col-0_trace-id-b_variable-kde_x,ax-row-0-col-0_trace-id-b_variable-kde_density,ax-row-0-col-0_trace-id-b_variable-kde_n
-2.2820653636374786,0.00011674550783454074,49,-0.5212816170997527,0.00018811936858772338,51
-2.278197956207915,0.00011760271690343077,49,-0.5161113697013909,0.00018957060190573024,51
-2.274330548778351,0.0001184701390908708,49,-0.5109411223030291,0.0001910279445721151,51
-2.2704631413487877,0.00011934806317683384,49,-0.5057708749046673,0.00019249151054373385,51
-2.266595733919224,0.00012023678242527632,49,-0.5006006275063056,0.00019396141741531307,51
-2.2627283264896603,0.00012113659454178676,49,-0.4954303801079438,0.00019543778641303722,51
-2.258860919060097,0.00012204780162838328,49,-0.490260132709582,0.00019692074238574726,51
-2.2549935116305333,0.0001229707101354437,49,-0.4850898853112202,0.00019841041379374137,51
-2.25112610420097,0.00012390563081074929,49,-0.4799196379128584,0.00019990693269515672,51
-2.247258696771406,0.00012485287864562956,49,-0.47474939051449666,0.00020141043472992451,51
-2.2433912893418424,0.00012581277281819,49,-0.46957914311613486,0.00020292105910128263,51
-2.239523881912279,0.00012678563663361705,49,-0.46440889571777305,0.0002044389485548413,51
-2.235656474482715,0.00012777179746154146,49,-0.4592386483194113,0.00020596424935518805,51
-2.2317890670531515,0.0001287715866704556,49,-0.4540684009210495,0.00020749711126003315,51
-2.227921659623588,0.0001297853395591754,49,-0.4488981535226877,0.00020903768749188498,51
-2.224054252194024,0.00013081339528533847,49,-0.4437279061243259,0.00021058613470725603,51
-2.2201868447644606,0.0001318560967909344,49,-0.43855765872596414,0.00021214261296340073,51
-2.216319437334897,0.00013291379072486446,49,-0.43338741132760233,0.00021370728568258086,51
-2.2124520299053336,0.0001339868273625262,49,-0.42821716392924053,0.0002152803196138688,51
-2.2085846224757697,0.00013507556052242377,49,-0.4230469165308788,0.00021686188479248615,51
-2.204717215046206,0.00013618034747980387,49,-0.417876669132517,0.0002184521544966929,51
-2.2008498076166427,0.00013730154887732162,49,-0.41270642173415517,0.00022005130520222653,51
-2.196982400187079,0.00013843952863273835,49,-0.40753617433579337,0.00022165951653431014,51
-2.1931149927575153,0.00013959465384365637,49,-0.4023659269374316,0.0002232769712172359,51
-2.189247585327952,0.00014076729468930283,49,-0.3971956795390698,0.00022490385502154273,51
-2.185380177898388,0.00014195782432936509,49,-0.39202543214070806,0.00022654035670879955,51
-2.1815127704688244,0.00014316661879989185,49,-0.38685518474234626,0.00022818666797401737,51
-2.177645363039261,0.0001443940569062743,49,-0.38168493734398445,0.00022984298338570562,51
-2.1737779556096974,0.00014564052011331529,49,-0.37651468994562265,0.00023150950032359733,51
-2.1699105481801335,0.00014690639243240879,49,-0.37134444254726084,0.00023318641891406593,51
-2.16604314075057,0.00014819206030584125,49,-0.3661741951488991,0.00023487394196325804,51
-2.1621757333210065,0.0001494979124882399,49,-0.3610039477505373,0.0002365722748879722,51
-2.1583083258914426,0.00015082433992518355,49,-0.35583370035217554,0.00023828162564430794,51
-2.154440918461879,0.00015217173562900036,49,-0.35066345295381374,0.00024000220465412273,51
-2.1505735110323156,0.00015354049455177954,49,-0.34549320555545193,0.00024173422472932254,51
-2.146706103602752,0.00015493101345561905,49,-0.3403229581570901,0.00024347790099402535,51
-2.1428386961731882,0.0001563436907801392,49,-0.3351527107587283,0.000245233450804631,51
-2.1389712887436247,0.00015777892650729153,49,-0.3299824633603666,0.0002470010936678376,51
-2.1351038813140613,0.00015923712202349592,49,-0.3248122159620048,0.0002487810511566405,51
-2.1312364738844973,0.00016071867997913573,49,-0.319641968563643,0.00025057354682435975,51
-2.127369066454934,0.00016222400414544826,49,-0.3144717211652812,0.0002523788061167344,51
-2.1235016590253704,0.00016375349926884875,49,-0.3093014737669194,0.0002541970562821311,51
-2.1196342515958064,0.00016530757092272225,49,-0.3041312263685576,0.00025602852627991184,51
-2.115766844166243,0.00016688662535672725,49,-0.29896097897019586,0.0002578734466870088,51
-2.1118994367366795,0.00016849106934365283,49,-0.29379073157183405,0.0002597320496027551,51
-2.1080320293071155,0.00017012131002386999,49,-0.2886204841734723,0.00026160456855202216,51
-2.104164621877552,0.00017177775474742793,49,-0.2834502367751105,0.0002634912383867166,51
-2.1002972144479886,0.00017346081091383853,49,-0.2782799893767487,0.0002653922951856878,51
-2.096429807018425,0.0001751708858095999,49,-0.2731097419783869,0.0002673079761531046,51
-2.092562399588861,0.0001769083864435097,49,-0.26793949458002514,0.0002692385195153527,51
-2.0886949921592977,0.0001786737193798203,49,-0.26276924718166333,0.00027118416441651496,51
-2.084827584729734,0.00018046729056929277,49,-0.25759899978330153,0.00027314515081248894,51
-2.0809601773001702,0.00018228950517820212,49,-0.2524287523849397,0.00027512171936380504,51
-2.0770927698706068,0.00018414076741535263,49,-0.24725850498657798,0.0002771141113272038,51
-2.0732253624410433,0.00018602148035716697,49,-0.24208825758821617,0.00027912256844603533,51
-2.0693579550114793,0.0001879320457709036,49,-0.23691801018985437,0.0002811473328395446,51
-2.065490547581916,0.00018987286393607071,49,-0.23174776279149262,0.000283188646891105,51
-2.0616231401523524,0.00019184433346409804,49,-0.2265775153931308,0.0002852467531354673,51
-2.057755732722789,0.00019384685111633603,49,-0.221407267994769,0.000287321894145089,51
-2.053888325293225,0.00019588081162044723,49,-0.21623702059640726,0.00028941431241560965,51
-2.0500209178636615,0.00019794660748525901,49,-0.21106677319804545,0.000291524250250542,51
-2.046153510434098,0.00020004462881415377,49,-0.20589652579968365,0.0002936519496452458,51
-2.042286103004534,0.0002021752631170624,49,-0.20072627840132184,0.0002957976521702539,51
-2.0384186955749706,0.00020433889512113944,49,-0.1955560310029601,0.00029796159885401896,51
-2.034551288145407,0.00020653590658019483,49,-0.1903857836045983,0.0003001440300651528,51
-2.030683880715843,0.00020876667608295987,49,-0.1852155362062365,0.00030234518539422756,51
-2.0268164732862797,0.00021103157886026314,49,-0.18004528880787474,0.00030456530353521034,51
-2.022949065856716,0.0002133309865912008,49,-0.17487504140951293,0.00030680462216660284,51
-2.0190816584271527,0.00021566526720838018,49,-0.16970479401115113,0.00030906337783235757,51
-2.0152142509975888,0.00021803478470231962,49,-0.16453454661278932,0.0003113418058226417,51
-2.0113468435680253,0.00022043989892508867,49,-0.15936429921442757,0.0003136401400545231,51
-2.007479436138462,0.00022288096539327583,49,-0.15419405181606577,0.0003159586129526493,51
-2.003612028708898,0.00022535833509037013,49,-0.14902380441770396,0.0003182974553299905,51
-1.9997446212793344,0.00022787235426864196,49,-0.14385355701934222,0.0003206568962687226,51
-1.995877213849771,0.00023042336425061602,49,-0.1386833096209804,0.0003230371630013196,51
-1.9920098064202072,0.00023301170123022702,49,-0.1335130622226186,0.0003254384807919283,51
-1.9881423989906435,0.00023563769607374454,49,-0.12834281482425686,0.0003278610728180987,51
-1.98427499156108,0.0002383016741205667,49,-0.12317256742589505,0.00033030516005294017,51
-1.9804075841315163,0.00024100395498397335,49,-0.11800232002753325,0.0003327709611477769,51
-1.9765401767019526,0.00024374485235193133,49,-0.11283207262917144,0.0003352586923153702,51
-1.972672769272389,0.0002465246737880526,49,-0.1076618252308097,0.00033776856721378463,51
-1.9688053618428254,0.00024934372053279685,49,-0.10249157783244789,0.0003403007968309616,51
-1.964937954413262,0.00025220228730502226,49,-0.09732133043408608,0.00034285558937007486,51
-1.9610705469836982,0.0002551006621039755,49,-0.09215108303572433,0.0003454331501357345,51
-1.9572031395541347,0.00025803912601182717,49,-0.08698083563736253,0.0003480336814211093,51
-1.953335732124571,0.0002610179529968506,49,-0.08181058823900073,0.0003506573823960349,51
-1.9494683246950073,0.00026403740971734084,49,-0.07664034084063898,0.0003533044489961747,51
-1.9456009172654438,0.0002670977553263829,49,-0.07147009344227717,0.0003559750738133,51
-1.9417335098358801,0.0002701992412775636,49,-0.06629984604391537,0.0003586694459867533,51
-1.9378661024063164,0.0002733421111317366,49,-0.06112959864555356,0.00036138775109616255,51
-1.933998694976753,0.00027652660036493786,49,-0.05595935124719181,0.0003641301710554648,51
-1.9301312875471892,0.0002797529361775595,49,-0.05078910384883001,0.00036689688400830695,51
-1.9262638801176257,0.00028302133730488503,49,-0.045618856450468204,0.00036968806422488004,51
-1.922396472688062,0.00028633201382908727,49,-0.040448609052106455,0.0003725038820002508,51
-1.9185290652584985,0.0002896851669928001,49,-0.03527836165374465,0.00037534450355424724,51
-1.9146616578289348,0.0002930809890143616,49,-0.030108114255382845,0.00037821009093295737,51
-1.9107942503993711,0.00029651966290483885,49,-0.02493786685702104,0.0003811008019118959,51
-1.9069268429698076,0.0003000013622869404,49,-0.019767619458659236,0.00038401678990089566,51
-1.903059435540244,0.00030352625121591497,49,-0.014597372060297542,0.0003869582038507755,51
-1.8991920281106802,0.00030709448400255006,49,-0.009427124661935737,0.00038992518816183914,51
-1.8953246206811167,0.0003107062050383701,49,-0.004256877263573933,0.0003929178825942546,51
-1.891457213251553,0.0003143615486231433,49,0.000913370134787872,0.0003959364221803625,51
-1.8875898058219895,0.00031806063879479733,49,0.006083617533149677,0.0003989809371389631,51
-1.8837223983924258,0.000321803589161853,49,0.011253864931511481,0.0004020515527916276,51
-1.8798549909628623,0.0003255905027384818,49,0.016424112329873286,0.00040514838948107535,51
-1.8759875835332986,0.0003294214717822823,49,0.02159435972823498,0.0004082715624916671,51
-1.872120176103735,0.00033329657763489284,49,0.026764607126596784,0.0004114211819720466,51
-1.8682527686741714,0.00033721589056553064,49,0.03193485452495859,0.00041459735285997746,51
-1.8643853612446077,0.000341179469617568,49,0.037105101923320394,0.0004178001748094081,51
-1.860517953815044,0.00034518736245824956,49,0.0422753493216822,0.00042102974211980616,51
-1.8566505463854805,0.0003492396052316389,49,0.047445596720044,0.0004242861436677898,51
-1.8527831389559168,0.00035333622241491515,49,0.05261584411840581,0.00042756946284109573,51
-1.8489157315263531,0.0003574772266781008,49,0.0577860915167675,0.0004308797774749107,51
-1.8450483240967896,0.00036166261874733034,49,0.0629563389151293,0.00043421715979059377,51
-1.8411809166672262,0.0003658923872717593,49,0.06812658631349111,0.00043758167633682187,51
-1.8373135092376625,0.00037016650869419783,49,0.07329683371185292,0.0004409733879331801,51
-1.8334461018080987,0.00037448494712558457,49,0.07846708111021472,0.0004443923496162189,51
-1.8295786943785353,0.0003788476542233749,49,0.08363732850857653,0.0004478386105880057,51
-1.8257112869489716,0.0003832545690739562,49,0.08880757590693822,0.0004513122141671831,51
-1.8218438795194078,0.00038770561807916816,49,0.09397782330530002,0.00045481319774255674,51
-1.8179764720898444,0.00039220071484702504,49,0.09914807070366183,0.00045834159272922683,51
-1.8141090646602807,0.00039673976008673575,49,0.10431831810202363,0.0004618974245272779,51
-1.810241657230717,0.00040132264150809634,49,0.10948856550038544,0.00046548071248303784,51
-1.8063742498011535,0.00040594923372535283,49,0.11465881289874724,0.00046909146985292023,51
-1.80250684237159,0.0004106193981656181,49,0.11982906029710905,0.0004727297037698493,51
-1.7986394349420263,0.0004153329829819212,49,0.12499930769547074,0.00047639541521228817,51
-1.7947720275124626,0.00042008982297097523,49,0.13016955509383255,0.0004800885989758611,51
-1.790904620082899,0.0004248897394957428,49,0.13533980249219435,0.0004838092436475827,51
-1.7870372126533354,0.000429732540412881,49,0.14051004989055615,0.0004875573315826878,51
-1.7831698052237717,0.00043461802000513205,49,0.14568029728891796,0.000491332838884067,51
-1.7793023977942082,0.00043954595891874623,49,0.15085054468727976,0.0004951357353843041,51
-1.7754349903646445,0.0004445161241060047,49,0.15602079208564157,0.0004989659846303052,51
-1.7715675829350808,0.0004495282687729049,49,0.16119103948400326,0.0005028235438705249,51
-1.7677001755055173,0.0004545821323320928,49,0.16636128688236507,0.0005067083640447685,51
-1.7638327680759538,0.00045967744036109467,49,0.17153153428072687,0.0005106203897765729,51
-1.75996536064639,0.00046481390456591583,49,0.17670178167908868,0.0005145595593681457,51
-1.7560979532168264,0.0004699912227500694,49,0.18187202907745048,0.000518525804797855,51
-1.752230545787263,0.00047520907878909475,49,0.18704227647581229,0.0005225190517202559,51
-1.7483631383576992,0.0004804671426106207,49,0.1922125238741741,0.0005265392194686308,51
-1.7444957309281355,0.0004857650701800257,49,0.19738277127253578,0.0005305862210600371,51
-1.740628323498572,0.0004911025034917507,49,0.2025530186708976,0.0005346599632028332,51
-1.7367609160690083,0.0004964790705663147,49,0.2077232660692594,0.0005387603463066662,51
-1.7328935086394446,0.000501894385453071,49,0.2128935134676212,0.000542887264494903,51
-1.729026101209881,0.0005073480482387589,49,0.218063760865983,0.0005470406056194728,51
-1.7251586937803176,0.0005128396450618867,49,0.2232340082643448,0.0005512202512781064,51
-1.721291286350754,0.0005183687481329828,49,0.2284042556627065,0.0005554260768339362,51
-1.7174238789211902,0.0005239349157607519,49,0.2335745030610683,0.0005596579514374399,51
-1.7135564714916267,0.0005295376923841723,49,0.2387447504594301,0.000563915738050688,51
-1.709689064062063,0.0005351766086105622,49,0.24391499785779192,0.000568199293473878,51
-1.7058216566324993,0.0005408511812596347,49,0.24908524525615372,0.0005725084683741138,51
-1.7019542492029358,0.0005465609134135777,49,0.2542554926545155,0.0005768431073164009,51
-1.698086841773372,0.0005523052944731766,49,0.25942574005287733,0.000581203048796832,51
-1.6942194343438084,0.0005580838002199827,49,0.264595987451239,0.0005855881252779165,51
-1.690352026914245,0.0005638958928845668,49,0.26976623484960083,0.0005899981632260297,51
-1.6864846194846814,0.0005697410212208519,49,0.27493648224796263,0.0005944329831509398,51
-1.6826172120551177,0.0005756186205865388,49,0.28010672964632444,0.0005988923996473776,51
-1.678749804625554,0.0005815281130296289,49,0.28527697704468624,0.0006033762214386124,51
-1.6748823971959905,0.0005874689073810495,49,0.29044722444304805,0.0006078842514219949,51
-1.6710149897664268,0.0005934403993533811,49,0.29561747184140985,0.0006124162867164278,51
-1.667147582336863,0.0005994419716456714,49,0.30078771923977154,0.0006169721187117245,51
-1.6632801749072996,0.0006054729940543461,49,0.30595796663813335,0.0006215515331198197,51
-1.659412767477736,0.0006115328235901932,49,0.31112821403649515,0.0006261543100277815,51
-1.6555453600481722,0.0006176208046014067,49,0.31629846143485696,0.0006307802239525969,51
-1.6516779526186087,0.0006237362689026819,49,0.32146870883321876,0.0006354290438976767,51
-1.6478105451890452,0.0006298785359103319,49,0.32663895623158057,0.0006401005334110478,51
-1.6439431377594813,0.0006360469127834059,49,0.3318092036299424,0.000644794450645181,51
-1.6400757303299178,0.000642240694570776,49,0.33697945102830407,0.0006495105484184207,51
-1.6362083229003543,0.0006484591643641787,49,0.34214969842666587,0.0006542485742779675,51
-1.6323409154707906,0.0006547015934571516,49,0.3473199458250277,0.0006590082705643741,51
-1.628473508041227,0.0006609672415098481,49,0.3524901932233895,0.0006637893744775071,51
-1.6246061006116634,0.0006672553567196825,49,0.3576604406217513,0.0006685916181439367,51
-1.6207386931820997,0.0006735651759977603,49,0.3628306880201131,0.000673414728685707,51
-1.616871285752536,0.0006798959251510461,49,0.3680009354184748,0.0006782584282904447,51
-1.6130038783229725,0.0006862468190702215,49,0.3731711828168366,0.0006831224342827634,51
-1.609136470893409,0.0006926170619231789,49,0.3783414302151984,0.0006880064591969197,51
-1.6052690634638451,0.0006990058473540864,49,0.3835116776135602,0.0006929102108506784,51
-1.6014016560342816,0.0007054123586879715,49,0.388681925011922,0.0006978333924203424,51
-1.5975342486047182,0.0007118357691407609,49,0.3938521724102838,0.0007027757025169075,51
-1.5936668411751544,0.0007182752420347,49,0.3990224198086456,0.0007077368352632977,51
-1.5897994337455907,0.0007247299310190839,49,0.4041926672070073,0.0007127164803726383,51
-1.5859320263160273,0.0007311989802962401,49,0.4093629146053691,0.0007177143232275279,51
-1.5820646188864635,0.0007376815248526641,49,0.4145331620037309,0.0007227300449602622,51
-1.5781972114568998,0.0007441766906952431,49,0.4197034094020927,0.0007277633225339782,51
-1.5743298040273364,0.0007506835950924829,49,0.4248736568004545,0.0007328138288246687,51
-1.5704623965977729,0.000757201346820643,49,0.43004390419881633,0.0007378812327040287,51
-1.566594989168209,0.0007637290464147062,49,0.43521415159717813,0.0007429651991231035,51
-1.5627275817386455,0.0007702657864240678,49,0.4403843989955398,0.000748065389196686,51
-1.558860174309082,0.0007768106516728784,49,0.44555464639390163,0.0007531814602884352,51
-1.5549927668795183,0.0007833627195249134,49,0.45072489379226344,0.0007583130660966707,51
-1.5511253594499546,0.0007899210601528853,49,0.45589514119062524,0.000763459856740814,51
-1.547257952020391,0.000796484736812093,49,0.46106538858898705,0.0007686214788484319,51
-1.5433905445908274,0.0008030528061182956,49,0.46623563598734885,0.0007737975756428513,51
-1.5395231371612637,0.0008096243183297033,49,0.47140588338571066,0.0007789877870313104,51
-1.5356557297317002,0.000816198317632979,49,0.47657613078407235,0.0007841917496936085,51
-1.5317883223021367,0.0008227738424331249,49,0.48174637818243427,0.0007894090971712214,51
-1.5279209148725728,0.0008293499256471519,49,0.48691662558079596,0.000794639459956857,51
-1.5240535074430093,0.0008359255950013885,49,0.49208687297915765,0.0007998824655844043,51
-1.5201861000134458,0.0008424998733323393,49,0.49725712037751957,0.0008051377387192602,51
-1.516318692583882,0.0008490717788909339,49,0.5024273677758813,0.0008104049012489888,51
-1.5124512851543184,0.0008556403256500667,49,0.5075976151742432,0.0008156835723742991,51
-1.5085838777247549,0.0008622045236152787,49,0.5127678625726049,0.0008209733687002949,51
-1.5047164702951912,0.0008687633791384657,49,0.5179381099709668,0.0008262739043279874,51
-1.5008490628656275,0.0008753158952344662,49,0.5231083573693285,0.0008315847909460196,51
-1.496981655436064,0.0008818610719003994,49,0.5282786047676902,0.000836905637922606,51
-1.4931142480065005,0.000888397906437617,49,0.5334488521660521,0.0008422360523976266,51
-1.4892468405769366,0.0008949253937761257,49,0.5386190995644138,0.0008475756393748879,51
-1.485379433147373,0.000901442526801337,49,0.5437893469627757,0.0008529240018144912,51
-1.4815120257178096,0.0009079482966830136,49,0.5489595943611374,0.0008582807407253115,51
-1.477644618288246,0.0009144416932062464,49,0.5541298417594993,0.0008636454552575505,51
-1.4737772108586822,0.0009209217051043368,49,0.559300089157861,0.000869017742795342,51
-1.4699098034291187,0.000927387320393422,49,0.5644703365562227,0.0008743971990493986,51
-1.466042395999555,0.0009338375267087049,49,0.5696405839545846,0.0008797834181496693,51
-1.4621749885699913,0.000940271311642125,49,0.5748108313529463,0.0008851759927379895,51
-1.4583075811404278,0.0009466876630813283,49,0.5799810787513082,0.0008905745140607115,51
-1.4544401737108643,0.0009530855695497879,49,0.5851513261496699,0.0008959785720612867,51
-1.4505727662813004,0.0009594640205479011,49,0.5903215735480318,0.0009013877554727971,51
-1.446705358851737,0.0009658220068949274,49,0.5954918209463935,0.0009068016519103985,51
-1.4428379514221734,0.0009721585210716111,49,0.6006620683447552,0.0009122198479636812,51
-1.4389705439926097,0.0009784725575633106,49,0.6058323157431171,0.0009176419292889156,51
-1.435103136563046,0.0009847631132035048,49,0.6110025631414788,0.0009230674807011796,51
-1.4312357291334825,0.000991029187517496,49,0.6161728105398407,0.0009284960862663441,51
-1.4273683217039188,0.0009972697830661738,49,0.6213430579382024,0.0009339273293929074,51
-1.423500914274355,0.001003483905789648,49,0.6265133053365644,0.0009393607929236697,51
-1.4196335068447916,0.0010096705653506273,49,0.631683552734926,0.0009447960592272233,51
-1.415766099415228,0.001015828775477365,49,0.6368538001332877,0.0009502327102892612,51
-1.4118986919856642,0.0010219575543060039,49,0.6420240475316497,0.0009556703278036769,51
-1.4080312845561007,0.0010280559247221877,49,0.6471942949300113,0.0009611084932634522,51
-1.4041638771265372,0.0010341229147017511,49,0.6523645423283733,0.0009665467880513278,51
-1.4002964696969735,0.0010401575576503492,49,0.657534789726735,0.0009719847935302291,51
-1.3964290622674098,0.0010461588927418546,49,0.6627050371250969,0.0009774220911334577,51
-1.3925616548378463,0.0010521259652553703,49,0.6678752845234586,0.000982858262454617,51
-1.3886942474082826,0.001058057826910703,49,0.6730455319218203,0.000988292889337282,51
-1.384826839978719,0.0010639535362021218,49,0.6782157793201822,0.0009937255539643913,51
-1.3809594325491554,0.0010698121587302731,49,0.6833860267185439,0.0009991558389473513,51
-1.3770920251195917,0.0010756327675320691,49,0.6885562741169058,0.0010045833274148553,51
-1.373224617690028,0.001081414443408405,49,0.6937265215152675,0.0010100076031013935,51
-1.3693572102604645,0.001087156275249565,49,0.6988967689136292,0.0010154282504354565,51
-1.365489802830901,0.0010928573603581286,49,0.7040670163119911,0.0010208448546274145,51
-1.3616223954013373,0.0010985168047692598,49,0.7092372637103528,0.0010262570017570715,51
-1.3577549879717736,0.0011041337235682127,49,0.7144075111087147,0.0010316642788608806,51
-1.3538875805422101,0.0011097072412048958,49,0.7195777585070764,0.001037066274018809,51
-1.3500201731126464,0.0011152364918053704,49,0.7247480059054383,0.0010424625764408522,51
-1.3461527656830827,0.0011207206194801076,49,0.7299182533038,0.0010478527765531804,51
-1.3422853582535192,0.001126158778628879,49,0.7350885007021617,0.00105323646608391,51
-1.3384179508239555,0.0011315501342421335,49,0.7402587481005236,0.001058613238148492,51
-1.3345505433943918,0.0011368938621987119,49,0.7454289954988853,0.0010639826873347098,51
-1.3306831359648283,0.0011421891495597615,49,0.7505992428972472,0.0010693444097872684,51
-1.3268157285352649,0.001147435194858723,49,0.7557694902956089,0.0010746980032919763,51
-1.3229483211057012,0.0011526312083872388,49,0.7609397376939708,0.0010800430673594977,51
-1.3190809136761374,0.0011577764124768523,49,0.7661099850923325,0.0010853792033086733,51
-1.315213506246574,0.0011628700417763798,49,0.7712802324906942,0.0010907060143493985,51
-1.3113460988170103,0.0011679113435248108,49,0.7764504798890561,0.0010960231056650399,51
-1.3074786913874465,0.0011728995778196053,49,0.7816207272874178,0.0011013300844943846,51
-1.303611283957883,0.0011778340178802888,49,0.7867909746857797,0.0011066265602131089,51
-1.2997438765283194,0.0011827139503071981,49,0.7919612220841414,0.0011119121444147565,51
-1.2958764690987556,0.0011875386753352603,49,0.7971314694825034,0.001117186450991205,51
-1.2920090616691922,0.0011923075070827112,49,0.802301716880865,0.001122449096212616,51
-1.2881416542396287,0.0011970197737946069,49,0.8074719642792267,0.001127699698806849,51
-1.284274246810065,0.0012016748180810413,49,0.8126422116775887,0.0011329378800383305,51
-1.2804068393805013,0.0012062719971499512,49,0.8178124590759503,0.0011381632637863534,51
-1.2765394319509378,0.0012108106830344043,49,0.8229827064743123,0.0011433754766228014,51
-1.272672024521374,0.0012152902628142681,49,0.828152953872674,0.0011485741478892788,51
-1.2688046170918104,0.0012197101388321588,49,0.8333232012710359,0.0011537589097736238,51
-1.2649372096622469,0.001224069728903577,49,0.8384934486693976,0.0011589293973857974,51
-1.2610698022326832,0.0012283684665211354,49,0.8436636960677593,0.0011640852488331217,51
-1.2572023948031197,0.001232605801052788,49,0.8488339434661212,0.001169226105294853,51
-1.253334987373556,0.001236781197933969,49,0.8540041908644829,0.0011743516110960714,51
-1.2494675799439923,0.0012408941388535719,49,0.8591744382628448,0.0011794614137808678,51
-1.2456001725144288,0.0012449441219336702,49,0.8643446856612065,0.0011845551641847985,51
-1.241732765084865,0.0012489306619029195,49,0.8695149330595684,0.001189632516506608,51
-1.2378653576553016,0.0012528532902635564,49,0.8746851804579301,0.0011946931283791714,51
-1.2339979502257379,0.00125671155545193,49,0.8798554278562918,0.0011997366609396566,51
-1.2301305427961742,0.001260505022992499,49,0.8850256752546537,0.001204762778898876,51
-1.2262631353666107,0.0012642332756452267,49,0.8901959226530154,0.0012097711506097956,51
-1.222395727937047,0.0012678959135463228,49,0.8953661700513773,0.001214761448135196,51
-1.2185283205074835,0.001271492554342273,49,0.900536417449739,0.001219733347314448,51
-1.2146609130779198,0.0012750228333170946,49,0.9057066648481009,0.0012246865278293755,51
-1.210793505648356,0.0012784864035127938,49,0.9108769122464626,0.0012296206732691976,51
-1.2069260982187926,0.0012818829358429483,49,0.9160471596448243,0.0012345354711945017,51
-1.203058690789229,0.001285212119199406,49,0.9212174070431862,0.001239430613200241,51
-1.1991912833596654,0.001288473660552036,49,0.9263876544415479,0.001244305794977713,51
-1.1953238759301017,0.0012916672850415154,49,0.9315579018399098,0.0012491607163755095,51
-1.191456468500538,0.001294792736065116,49,0.9367281492382715,0.0012539950814593895,51
-1.1875890610709745,0.0012978497753554613,49,0.9418983966366332,0.001258808598571069,51
-1.1837216536414108,0.0013008381830522417,49,0.9470686440349951,0.0012636009803858794,51
-1.1798542462118473,0.0013037577577668586,49,0.9522388914333568,0.001268371943969283,51
-1.1759868387822836,0.0013066083166399878,49,0.9574091388317187,0.0012731212108322008,51
-1.17211943135272,0.001309389695392047,49,0.9625793862300804,0.001277848506985134,51
-1.1682520239231564,0.0013121017483665712,49,0.9677496336284424,0.0012825535629910501,51
-1.1643846164935927,0.0013147443485664767,49,0.972919881026804,0.0012872361140169896,51
-1.1605172090640292,0.0013173173876832236,49,0.9780901284251657,0.001291895899884385,51
-1.1566498016344655,0.00131982077611888,49,0.9832603758235277,0.001296532665118041,51
-1.1527823942049018,0.001322254443001091,49,0.9884306232218893,0.001301146158993759,51
-1.1489149867753383,0.0013246183361909686,49,0.9936008706202513,0.0013057361355845694,51
-1.1450475793457746,0.0013269124222839133,49,0.998771118018613,0.0013103023538055458,51
-1.1411801719162111,0.0013291366866033864,49,1.0039413654169749,0.0013148445774571614,51
-1.1373127644866474,0.0013312911331876608,49,1.0091116128153366,0.0013193625752671691,51
-1.1334453570570837,0.0013333757847695641,49,1.0142818602136983,0.001323856120930963,51
-1.1295779496275202,0.0013353906827492552,49,1.0194521076120602,0.0013283249931504057,51
-1.1257105421979565,0.0013373358871600575,49,1.0246223550104219,0.001332768975671069,51
-1.121843134768393,0.0013392114766273974,49,1.0297926024087838,0.001337187857317881,51
-1.1179757273388293,0.001341017548320864,49,1.0349628498071455,0.0013415814320291394,51
-1.1141083199092656,0.0013427542178994667,49,1.0401330972055074,0.0013459494988888533,51
-1.1102409124797021,0.0013444216194501014,49,1.045303344603869,0.001350291862157405,51
-1.1063735050501384,0.0013460199054193037,49,1.0504735920022308,0.0013546083313004797,51
-1.102506097620575,0.0013475492465383218,49,1.0556438394005927,0.001358898721016252,51
-1.0986386901910112,0.0013490098317415794,49,1.0608140867989544,0.001363162851260792,51
-1.0947712827614475,0.0013504018680785788,49,1.0659843341973163,0.0013674005472716696,51
-1.090903875331884,0.0013517255806193074,49,1.071154581595678,0.001371611639589721,51
-1.0870364679023203,0.0013529812123532167,49,1.07632482899404,0.0013757959640789644,51
-1.0831690604727569,0.001354169024081842,49,1.0814950763924016,0.0013799533619446229,51
-1.0793016530431931,0.0013552892943051278,49,1.0866653237907633,0.0013840836797492473,51
-1.0754342456136294,0.0013563423191015412,49,1.0918355711891252,0.0013881867694268972,51
-1.071566838184066,0.001357328412002045,49,1.097005818587487,0.001392262488295371,51
-1.0676994307545022,0.0013582479038580118,49,1.1021760659858488,0.001396310699066455,51
-1.0638320233249388,0.00135910114270316,49,1.1073463133842105,0.0014003312698541647,51
-1.059964615895375,0.0013598884936096,49,1.1125165607825724,0.0014043240741809756,51
-1.0560972084658113,0.0013606103385380753,49,1.1176868081809341,0.0014082889909819982,51
-1.0522298010362479,0.0013612670761824924,49,1.1228570555792958,0.0014122259046071032,51
-1.0483623936066842,0.0013618591218088215,49,1.1280273029776577,0.0014161347048209576,51
-1.0444949861771207,0.0013623869070884767,49,1.1331975503760194,0.0014200152868009714,51
-1.040627578747557,0.001362850879926268,49,1.1383677977743814,0.0014238675511331256,51
-1.0367601713179933,0.0013632515042830153,49,1.143538045172743,0.0014276914038056795,51
-1.0328927638884298,0.0013635892599929377,49,1.148708292571105,0.001431486756200734,51
-1.029025356458866,0.0013638646425759185,49,1.1538785399694667,0.0014352535250836398,51
-1.0251579490293024,0.0013640781630447495,49,1.1590487873678283,0.001438991632590252,51
-1.0212905415997389,0.0013642303477074545,49,1.1642190347661903,0.0014427010062119951,51
-1.0174231341701752,0.001364321737964822,49,1.169389282164552,0.0014463815787787626,51
-1.0135557267406117,0.0013643528901032338,49,1.1745595295629139,0.0014500332884396158,51
-1.009688319311048,0.0013643243750829158,49,1.1797297769612756,0.0014536560786412955,51
-1.0058209118814843,0.0013642367783217263,49,1.1849000243596375,0.0014572498981045296,51
-1.0019535044519208,0.0013640906994745886,49,1.1900702717579992,0.0014608147007981452,51
-0.9980860970223571,0.0013638867522086876,49,1.1952405191563609,0.001464350445910972,51
-0.9942186895927936,0.001363625563974557,49,1.2004107665547228,0.0014678570978215442,51
-0.9903512821632299,0.0013633077757731647,49,1.2055810139530845,0.0014713346260656057,51
-0.9864838747336662,0.0013629340419191213,49,1.2107512613514464,0.0014747830053014124,51
-0.9826164673041027,0.0013625050298001415,49,1.215921508749808,0.0014782022152728424,51
-0.978749059874539,0.0013620214196328642,49,1.2210917561481698,0.0014815922407703226,51
-0.9748816524449755,0.001361483904215172,49,1.2262620035465317,0.0014849530715895713,51
-0.9710142450154118,0.0013608931886751226,49,1.2314322509448934,0.0014882847024881777,51
-0.9671468375858481,0.0013602499902166255,49,1.2366024983432553,0.0014915871331400146,51
-0.9632794301562846,0.001359555037861985,49,1.241772745741617,0.0014948603680875125,51
-0.9594120227267209,0.0013588090721914302,49,1.246942993139979,0.0014981044166918038,51
-0.9555446152971574,0.0013580128450797807,49,1.2521132405383406,0.0015013192930807388,51
-0.9516772078675937,0.001357167119430341,49,1.2572834879367023,0.0015045050160948216,51
-0.94780980043803,0.0013562726689061867,49,1.2624537353350642,0.0015076616092310517,51
-0.9439423930084665,0.001355330277658948,49,1.267623982733426,0.001510789100584721,51
-0.9400749855789028,0.0013543407400552138,49,1.2727942301317878,0.0015138875227891622,51
-0.9362075781493393,0.0013533048604007212,49,1.2779644775301495,0.0015169569129534946,51
-0.9323401707197756,0.0013522234526624015,49,1.2831347249285114,0.0015199973125983872,51
-0.9284727632902119,0.001351097340188464,49,1.2883049723268731,0.0015230087675898471,51
-0.9246053558606484,0.0013499273554266145,49,1.2934752197252348,0.001525991328071102,51
-0.9207379484310847,0.0013487143396405427,49,1.2986454671235967,0.0015289450483925598,51
-0.9168705410015212,0.0013474591426248116,49,1.3038157145219584,0.001531869987039921,51
-0.9130031335719575,0.0013461626224182724,49,1.3089859619203204,0.0015347662065604425,51
-0.9091357261423938,0.0013448256450161256,49,1.314156209318682,0.0015376337734874122,51
-0.9052683187128303,0.0013434490840807645,49,1.319326456717044,0.0015404727582628605,51
-0.9014009112832666,0.00134203382065152,49,1.3244967041154057,0.0015432832351585423,51
-0.8975335038537031,0.001340580742853431,49,1.3296669515137673,0.0015460652821952425,51
-0.8936660964241394,0.0013390907456051668,49,1.3348371989121293,0.001548818981060434,51
-0.8897986889945757,0.0013375647303262238,49,1.340007446310491,0.0015515444170243352,51
-0.8859312815650122,0.0013360036046435211,49,1.3451776937088529,0.001554241678854413,51
-0.8820638741354485,0.0013344082820975047,49,1.3503479411072146,0.0015569108587283698,51
-0.878196466705885,0.0013327796818479022,49,1.3555181885055765,0.0015595520521456683,51
-0.8743290592763213,0.001331118728379221,49,1.3606884359039382,0.0015621653578376412,51
-0.8704616518467576,0.0013294263512061335,49,1.3658586833022999,0.001564750877676224,51
-0.8665942444171941,0.0013277034845788438,49,1.3710289307006618,0.001567308716581377,51
-0.8627268369876304,0.0013259510671885673,49,1.3761991780990235,0.0015698389824272381,51
-0.8588594295580669,0.0013241700418732288,49,1.3813694254973854,0.001572341785947058,51
-0.8549920221285032,0.0013223613553234956,49,1.386539672895747,0.0015748172406369802,51
-0.8511246146989395,0.0013205259577892515,49,1.391709920294109,0.001577265462658705,51
-0.847257207269376,0.0013186648027866362,49,1.3968801676924707,0.0015796865707411157,51
-0.8433897998398123,0.0013167788468057358,49,1.4020504150908324,0.001582080686080897,51
-0.8395223924102488,0.0013148690490190544,49,1.4072206624891943,0.0015844479322422258,51
-0.8356549849806851,0.0013129363709908494,49,1.412390909887556,0.0015867884350555769,51
-0.8317875775511214,0.0013109817763874581,49,1.417561157285918,0.001589102322515717,51
-0.8279201701215579,0.0013090062306886944,49,1.4227314046842796,0.0015913897246789294,51
-0.8240527626919942,0.0013070107009004314,49,1.4279016520826415,0.001593650773559543,51
-0.8201853552624307,0.0013049961552684618,49,1.4330718994810032,0.0015958856030258294,51
-0.816317947832867,0.0013029635629937318,49,1.438242146879365,0.0015980943486953126,51
-0.8124505404033033,0.0013009138939490436,49,1.4434123942777268,0.0016002771478295739,51
-0.8085831329737398,0.001298848118397323,49,1.4485826416760885,0.0016024341392285998,51
-0.8047157255441761,0.001296767206711536,49,1.4537528890744504,0.0016045654631247446,51
-0.8008483181146127,0.0012946721290963492,49,1.4589231364728121,0.0016066712610763674,51
-0.796980910685049,0.0012925638553116126,49,1.464093383871174,0.0016087516758612082,51
-0.7931135032554852,0.0012904433543977612,49,1.4692636312695357,0.001610806851369569,51
-0.7892460958259218,0.0012883115944032077,49,1.4744338786678974,0.0016128369324973613,51
-0.785378688396358,0.0012861695421138067,49,1.4796041260662594,0.0016148420650390883,51
-0.7815112809667946,0.0012840181627844813,49,1.4847743734646213,0.0016168223955808187,51
-0.7776438735372309,0.001281858419873066,49,1.4899446208629827,0.0016187780713932316,51
-0.7737764661076671,0.001279691274776468,49,1.4951148682613447,0.0016207092403247765,51
-0.7699090586781037,0.0012775176865691918,49,1.5002851156597066,0.001622616050695035,51
-0.76604165124854,0.0012753386117443145,49,1.505455363058068,0.0016244986511883303,51
-0.7621742438189765,0.0012731550039569704,49,1.51062561045643,0.0016263571907476585,51
-0.7583068363894128,0.0012709678137704204,49,1.5157958578547919,0.001628191818469005,51
-0.7544394289598491,0.0012687779884047537,49,1.5209661052531538,0.0016300026834961093,51
-0.7505720215302856,0.001266586471488293,49,1.5261363526515153,0.0016317899349157293,51
-0.7467046141007219,0.0012643942028117703,49,1.5313066000498772,0.0016335537216535028,51
-0.7428372066711584,0.0012622021180853052,49,1.536476847448239,0.0016352941923704135,51
-0.7389697992415947,0.001260011148698265,49,1.5416470948466006,0.0016370114953599833,51
-0.735102391812031,0.0012578222214820465,49,1.5468173422449625,0.00163870577844621,51
-0.7312349843824675,0.0012556362584758263,49,1.5519875896433244,0.0016403771888823231,51
-0.7273675769529038,0.0012534541766953387,49,1.5571578370416863,0.0016420258732504284,51
-0.7235001695233403,0.0012512768879047185,49,1.5623280844400478,0.001643651977362088,51
-0.7196327620937766,0.00124910529839145,49,1.5674983318384097,0.0016452556461598942,51
-0.7157653546642129,0.001246940308744471,49,1.5726685792367716,0.0016468370236201082,51
-0.7118979472346494,0.0012447828136354692,49,1.577838826635133,0.001648396252656406,51
-0.7080305398050857,0.0012426337016033962,49,1.583009074033495,0.0016499334750247937,51
-0.7041631323755222,0.0012404938548422541,49,1.588179321431857,0.0016514488312297465,51
-0.7002957249459585,0.0012383641489921685,49,1.5933495688302188,0.0016529424604316326,51
-0.6964283175163948,0.0012362454529337872,49,1.5985198162285803,0.0016544145003554544,51
-0.6925609100868313,0.0012341386285860381,49,1.6036900636269422,0.00165586508720099,51
-0.6886935026572676,0.0012320445307072551,49,1.6088603110253041,0.001657294355554356,51
-0.6848260952277041,0.0012299640066997183,49,1.6140305584236656,0.0016587024383010619,51
-0.6809586877981404,0.001227897896417612,49,1.6192008058220275,0.0016600894665405868,51
-0.6770912803685767,0.0012258470319784344,49,1.6243710532203894,0.0016614555695025513,51
-0.6732238729390132,0.0012238122375778653,49,1.6295413006187514,0.0016628008744645057,51
-0.6693564655094495,0.0012217943293081235,49,1.6347115480171128,0.001664125506671384,51
-0.665489058079886,0.001219794114979808,49,1.6398817954154747,0.0016654295892566853,51
-0.6616216506503223,0.0012178123939472541,49,1.6450520428138367,0.001666713243165403,51
-0.6577542432207586,0.0012158499569374073,49,1.6502222902121981,0.0016679765870787537,51
-0.6538868357911951,0.0012139075858822253,49,1.65539253761056,0.0016692197373407416,51
-0.6500194283616314,0.0012119860537546047,49,1.660562785008922,0.0016704428078866,51
-0.6461520209320679,0.0012100861244078638,49,1.6657330324072839,0.001671645910173142,51
-0.6422846135025042,0.0012082085524187528,49,1.6709032798056453,0.0016728291531110584,51
-0.6384172060729405,0.0012063540829340214,49,1.6760735272040073,0.0016739926429991988,51
-0.634549798643377,0.0012045234515205253,49,1.6812437746023692,0.0016751364834608593,51
-0.6306823912138133,0.0012027173840188788,49,1.6864140220007307,0.0016762607753821196,51
-0.6268149837842498,0.0012009365964006523,49,1.6915842693990926,0.001677365616852245,51
-0.6229475763546861,0.0011991817946291016,49,1.6967545167974545,0.0016784511031062018,51
-0.6190801689251224,0.0011974536745234339,49,1.7019247641958164,0.0016795173264692817,51
-0.6152127614955589,0.0011957529216265988,49,1.7070950115941779,0.0016805643763038902,51
-0.6113453540659952,0.0011940802110765882,49,1.7122652589925398,0.0016815923389585056,51
-0.6074779466364317,0.0011924362074812506,49,1.7174355063909017,0.0016826012977188298,51
-0.603610539206868,0.0011908215647965974,49,1.7226057537892632,0.0016835913327611614,51
-0.5997431317773043,0.0011892369262085883,49,1.727776001187625,0.0016845625211079935,51
-0.5958757243477408,0.0011876829240183913,49,1.732946248585987,0.001685514936585877,51
-0.5920083169181771,0.001186160179531091,49,1.738116495984349,0.0016864486497855334,51
-0.5881409094886136,0.0011846693029478363,49,1.7432867433827104,0.0016873637280242608,51
-0.5842735020590499,0.001183210893261411,49,1.7484569907810723,0.001688260235310628,51
-0.5804060946294862,0.0011817855381552075,49,1.7536272381794342,0.0016891382323114693,51
-0.5765386871999227,0.0011803938139055754,49,1.7587974855777957,0.001689997776321196,51
-0.572671279770359,0.0011790362852875447,49,1.7639677329761576,0.00169083892123343,51
-0.5688038723407955,0.0011777135054838858,49,1.7691379803745195,0.0016916617175149553,51
-0.5649364649112318,0.0011764260159974878,49,1.7743082277728814,0.0016924662121820125,51
-0.5610690574816681,0.0011751743465670417,49,1.779478475171243,0.0016932524487789213,51
-0.5572016500521046,0.001173959015085992,49,1.7846487225696048,0.0016940204673590387,51
-0.5533342426225409,0.0011727805275247398,49,1.7898189699679667,0.001694770304468062,51
-0.5494668351929772,0.001171639377856076,49,1.7949892173663282,0.0016955019931296576,51
-0.5455994277634137,0.001170536047983807,49,1.8001594647646901,0.0016962155628334385,51
-0.54173202033385,0.0011694710076745635,49,1.805329712163052,0.0016969110395252515,51
-0.5378646129042866,0.001168444714492749,49,1.810499959561414,0.0016975884455998121,51
-0.5339972054747228,0.0011674576137386155,49,1.8156702069597754,0.001698247799895642,51
-0.5301297980451591,0.001166510138389429,49,1.8208404543581374,0.0016988891176923202,51
-0.5262623906155957,0.0011656027090437007,49,1.8260107017564993,0.001699512410710048,51
-0.522394983186032,0.0011647357338684552,49,1.8311809491548607,0.0017001176871114896,51
-0.5185275757564685,0.0011639096085495132,49,1.8363511965532227,0.0017007049515059003,51
-0.5146601683269048,0.0011631247162447404,49,1.8415214439515846,0.0017012742049555287,51
-0.510792760897341,0.0011623814275402628,49,1.8466916913499465,0.0017018254449842592,51
-0.5069253534677776,0.0011616801004095951,49,1.851861938748308,0.001702358665588503,51
-0.5030579460382139,0.0011610210801756623,49,1.8570321861466699,0.0017028738572503097,51
-0.49919053860865037,0.0011604046994756819,49,1.8622024335450318,0.0017033710069526782,51
-0.49532313117908666,0.0011598312782288844,49,1.8673726809433933,0.0017038500981970673,51
-0.49145572374952295,0.0011593011236070356,49,1.8725429283417552,0.0017043111110230562,51
-0.48758831631995947,0.0011588145300077265,49,1.877713175740117,0.001704754022030171,51
-0.48372090889039576,0.0011583717790304173,49,1.8828834231384786,0.0017051788044018172,51
-0.4798535014608323,0.0011579731394551864,49,1.8880536705368405,0.0017055854279313326,51
-0.47598609403126857,0.0011576188672241716,49,1.8932239179352024,0.0017059738590501127,51
-0.47211868660170486,0.001157309205425665,49,1.8983941653335643,0.001706344060857787,51
-0.4682512791721414,0.001157044384280831,49,1.9035644127319258,0.0017066959931544361,51
-0.46438387174257767,0.0011568246211330275,49,1.9087346601302877,0.0017070296124748082,51
-0.4605164643130142,0.0011566501204396912,49,1.9139049075286496,0.001707344872124513,51
-0.4566490568834505,0.00115652107376677,49,1.919075154927011,0.001707641722218171,51
-0.45278164945388677,0.0011564376597856586,49,1.924245402325373,0.0017079201097194795,51
-0.4489142420243233,0.001156400044272628,49,1.929415649723735,0.001708179978483177,51
-0.4450468345947596,0.0011564083801107047,49,1.9345858971220968,0.0017084212692988735,51
-0.4411794271651961,0.0011564628072939845,49,1.9397561445204583,0.0017086439199367044,51
-0.4373120197356324,0.0011565634529343471,49,1.9449263919188202,0.0017088478651948037,51
-0.4334446123060687,0.001156710431270547,49,1.9500966393171821,0.0017090330369485354,51
-0.4295772048765052,0.0011569038436796601,49,1.9552668867155436,0.0017091993642014676,51
-0.4257097974469415,0.0011571437786908445,49,1.9604371341139055,0.0017093467731380608,51
-0.421842390017378,0.0011574303120014178,49,1.9656073815122674,0.0017094751871780229,51
-0.4179749825878143,0.0011577635064951952,49,1.9707776289106294,0.001709584527032305,51
-0.4141075751582506,0.0011581434122630867,49,1.9759478763089908,0.0017096747107607088,51
-0.4102401677286871,0.0011585700666259227,49,1.9811181237073527,0.0017097456538310606,51
-0.4063727602991234,0.0011590434941594844,49,1.9862883711057147,0.001709797269179929,51
-0.4025053528695599,0.0011595637067217126,49,1.9914586185040761,0.0017098294672748325,51
-0.3986379454399962,0.0011601307034820854,49,1.996628865902438,0.0017098421561779315,51
-0.3947705380104325,0.0011607444709531305,49,2.0017991133008,0.0017098352416111279,51
-0.390903130580869,0.0011614049830240545,49,2.006969360699162,0.0017098086270225857,51
-0.3870357231513053,0.0011621122009964778,49,2.0121396080975233,0.0017097622136545804,51
-0.3831683157217418,0.0011628660736222437,49,2.0173098554958853,0.0017096959006126923,51
-0.3793009082921781,0.0011636665371432867,49,2.022480102894247,0.00170960958493627,51
-0.3754335008626144,0.0011645135153335482,49,2.0276503502926086,0.0017095031616701437,51
-0.3715660934330509,0.0011654069195429098,49,2.0328205976909706,0.001709376523937547,51
-0.3676986860034872,0.0011663466487431386,49,2.0379908450893325,0.0017092295630142073,51
-0.3638312785739237,0.0011673325895758184,49,2.0431610924876944,0.0017090621684035712,51
-0.35996387114436,0.001168364616402259,49,2.048331339886056,0.0017088742279131235,51
-0.3560964637147963,0.00116944259135536,49,2.053501587284418,0.0017086656277317583,51
-0.3522290562852328,0.0011705663643934241,49,2.0586718346827797,0.0017084362525081774,51
-0.3483616488556691,0.0011717357733558923,49,2.063842082081141,0.0017081859854302496,51
-0.34449424142610563,0.0011729506440210022,49,2.069012329479503,0.0017079147083053296,51
-0.3406268339965419,0.0011742107901653437,49,2.074182576877865,0.0017076223016414633,51
-0.3367594265669782,0.0011755160136253094,49,2.079352824276227,0.0017073086447294624,51
-0.33289201913741473,0.0011768661043604176,49,2.0845230716745884,0.0017069736157258,51
-0.329024611707851,0.001178260840518509,49,2.0896933190729503,0.0017066170917362845,51
-0.32515720427828754,0.00117969998850279,49,2.094863566471312,0.0017062389489004906,51
-0.32128979684872383,0.0011811833030407274,49,2.1000338138696737,0.0017058390624768765,51
-0.3174223894191601,0.0011827105272547793,49,2.1052040612680356,0.001705417306928582,51
-0.31355498198959664,0.0011842813927349424,49,2.1103743086663975,0.0017049735560098487,51
-0.30968757456003293,0.0011858956196131283,49,2.1155445560647594,0.0017045076828530186,51
-0.30582016713046944,0.0011875529166393366,49,2.120714803463121,0.0017040195600560909,51
-0.30195275970090574,0.0011892529812596341,49,2.125885050861483,0.001703509059770773,51
-0.29808535227134203,0.0011909954996959216,49,2.1310552982598447,0.0017029760537910158,51
-0.29421794484177854,0.001192780147027489,49,2.136225545658206,0.0017024204136419558,51
-0.29035053741221484,0.0011946065872743465,49,2.141395793056568,0.001701842010669259,51
-0.28648312998265135,0.0011964744734823203,49,2.14656604045493,0.0017012407161288102,51
-0.28261572255308764,0.0011983834478099243,49,2.151736287853292,0.001700616401276705,51
-0.27874831512352394,0.0012003331416169773,49,2.1569065352516534,0.001699968937459517,51
-0.27488090769396045,0.00120232317555498,49,2.1620767826500153,0.0016992981962047839,51
-0.27101350026439697,0.0012043531596592379,49,2.1672470300483773,0.0016986040493116902,51
-0.26714609283483304,0.001206422693442722,49,2.1724172774467387,0.0016978863689418916,51
-0.26327868540526955,0.001208531365991665,49,2.1775875248451007,0.0016971450277104493,51
-0.25941127797570607,0.0012106787560628967,49,2.1827577722434626,0.0016963798987768319,51
-0.25554387054614214,0.001212864432182893,49,2.1879280196418245,0.0016955908559359465,51
-0.25167646311657865,0.0012150879527485533,49,2.193098267040186,0.001694777773709147,51
-0.24780905568701517,0.0012173488661296967,49,2.198268514438548,0.001693940527435209,51
-0.24394164825745124,0.0012196467107732625,49,2.20343876183691,0.0016930789933611856,51
-0.24007424082788775,0.0012219810153092224,49,2.2086090092352713,0.001692193048733152,51
-0.23620683339832427,0.0012243512986581959,49,2.213779256633633,0.0016912825718867618,51
-0.23233942596876078,0.0012267570701407604,49,2.218949504031995,0.0016903474423375937,51
-0.22847201853919685,0.001229197829588457,49,2.224119751430357,0.0016893875408712422,51
-0.22460461110963337,0.0012316730674564822,49,2.2292899988287185,0.0016884027496331115,51
-0.22073720368006988,0.001234182264938065,49,2.2344602462270804,0.0016873929522178734,51
-0.21686979625050595,0.0012367248940805215,49,2.2396304936254423,0.0016863580337585467,51
-0.21300238882094247,0.0012393004179029779,49,2.244800741023804,0.001685297881015161,51
-0.20913498139137898,0.0012419082905157704,49,2.2499709884221657,0.0016842123824629596,51
-0.20526757396181505,0.0012445479572414982,49,2.2551412358205276,0.0016831014283801016,51
-0.20140016653225157,0.0012472188547377324,49,2.2603114832188895,0.0016819649109348295,51
-0.19753275910268808,0.0012499204111213796,49,2.265481730617251,0.0016808027242720468,51
-0.1936653516731246,0.0012526520460946827,49,2.270651978015613,0.0016796147645992757,51
-0.18979794424356067,0.001255413171072858,49,2.275822225413975,0.001678400930271958,51
-0.18593053681399718,0.0012582031893133626,49,2.2809924728123363,0.0016771611218780432,51
-0.1820631293844337,0.0012610214960467802,49,2.286162720210698,0.001675895242321833,51
-0.17819572195486977,0.0012638674786093157,49,2.29133296760906,0.0016746031969070408,51
-0.17432831452530628,0.0012667405165768984,49,2.296503215007422,0.0016732848934190227,51
-0.1704609070957428,0.0012696399819008759,49,2.3016734624057835,0.0016719402422061395,51
-0.16659349966617887,0.0012725652390452918,49,2.3068437098041454,0.0016705691562602049,51
-0.16272609223661538,0.0012755156451257342,49,2.3120139572025074,0.0016691715512959877,51
-0.1588586848070519,0.0012784905500497518,49,2.317184204600869,0.0016677473458297217,51
-0.1549912773774884,0.0012814892966588182,49,2.3223544519992307,0.0016662964612565725,51
-0.15112386994792448,0.0012845112208718353,49,2.3275246993975927,0.0016648188219270407,51
-0.147256462518361,0.001287555651830158,49,2.3326949467959546,0.001663314355222246,51
-0.1433890550887975,0.0012906219120441401,49,2.337865194194316,0.0016617829916280506,51
-0.13952164765923358,0.0012937093175411703,49,2.343035441592678,0.0016602246648079854,51
-0.1356542402296701,0.001296817178015192,49,2.34820568899104,0.001658639311674946,51
-0.1317868328001066,0.0012999447969776945,49,2.3533759363894013,0.0016570268724615971,51
-0.12791942537054268,0.0013030914719101504,49,2.3585461837877633,0.0016553872907894634,51
-0.1240520179409792,0.0013062564944178873,49,2.363716431186125,0.0016537205137366633,51
-0.12018461051141571,0.0013094391503853755,49,2.368886678584487,0.001652026491904232,51
-0.11631720308185223,0.0013126387201329109,49,2.3740569259828486,0.0016503051794810174,51
-0.1124497956522883,0.0013158544785746731,49,2.3792271733812105,0.0016485565343070752,51
-0.10858238822272481,0.0013190856953781414,49,2.3843974207795724,0.0016467805179355664,51
-0.10471498079316133,0.0013223316351248446,49,2.389567668177934,0.0016449770956930782,51
-0.1008475733635974,0.0013255915574724203,49,2.394737915576296,0.0016431462367383477,51
-0.09698016593403391,0.001328864717317962,49,2.3999081629746577,0.0016412879141193568,51
-0.09311275850447043,0.0013321503649626365,49,2.405078410373019,0.0016394021048287371,51
-0.0892453510749065,0.0013354477462775313,49,2.410248657771381,0.0016374887898574703,51
-0.08537794364534301,0.00133875610287072,49,2.415418905169743,0.0016355479542468241,51
-0.08151053621577953,0.0013420746722555153,49,2.420589152568105,0.0016335795871385106,51
-0.07764312878621604,0.0013454026880198719,49,2.4257593999664664,0.0016315836818230067,51
-0.07377572135665211,0.0013487393799969283,49,2.4309296473648283,0.0016295602357860098,51
-0.06990831392708863,0.0013520839744366375,49,2.43609989476319,0.0016275092507530046,51
-0.06604090649752514,0.0013554356941784757,49,2.4412701421615517,0.0016254307327318743,51
-0.06217349906796121,0.0013587937588251785,49,2.4464403895599136,0.0016233246920535605,51
-0.05830609163839773,0.0013621573849174843,49,2.4516106369582755,0.001621191143410701,51
-0.05443868420883424,0.0013655257861098513,49,2.4567808843566374,0.0016190301058942392,51
-0.05057127677927031,0.001368898173347098,49,2.461951131754999,0.0016168416030279537,51
-0.04670386934970683,0.0013722737550419589,49,2.467121379153361,0.001614625662800884,51
-0.04283646192014334,0.0013756517372534877,49,2.4722916265517227,0.001612382317697622,51
-0.03896905449057986,0.0013790313238662955,49,2.477461873950084,0.0016101116047264313,51
-0.03510164706101593,0.0013824117167705722,49,2.482632121348446,0.0016078135654451718,51
-0.031234239631452443,0.0013857921160428538,49,2.487802368746808,0.0016054882459849906,51
-0.027366832201888958,0.0013891717201274974,49,2.49297261614517,0.001603135697071767,51
-0.023499424772325028,0.0013925497260188248,49,2.4981428635435314,0.001600755974045261,51
-0.019632017342761543,0.0013959253294438803,49,2.5033131109418933,0.001598349136875964,51
-0.015764609913198058,0.0013992977250457826,49,2.5084833583402553,0.0015959152501796034,51
-0.011897202483634128,0.001402666106567597,49,2.5136536057386167,0.0015934543832292942,51
-0.008029795054070643,0.001406029667036709,49,2.5188238531369787,0.0015909666099653036,51
-0.004162387624507158,0.0014093875989496418,49,2.5239941005353406,0.0015884520090024082,51
-0.00029498019494367256,0.0014127390944572704,49,2.5291643479337025,0.0015859106636348249,51
0.003572427234620257,0.0014160833455503887,49,2.534334595332064,0.0015833426618387036,51
0.007439834664183742,0.0014194195442455764,49,2.539504842730426,0.0015807480962721353,51
0.011307242093747227,0.001422746882771328,49,2.544675090128788,0.0015781270642726904,51
0.015174649523311157,0.0014260645537543788,49,2.5498453375271493,0.0015754796678524605,51
0.019042056952874642,0.0014293717504061884,49,2.555015584925511,0.0015728060136905731,51
0.022909464382438127,0.0014326676667095277,49,2.560185832323873,0.0015701062131231907,51
0.026776871812002057,0.0014359514976051168,49,2.565356079722235,0.0015673803821309629,51
0.030644279241565542,0.0014392224391782578,49,2.5705263271205965,0.0015646286413239308,51
0.03451168667112903,0.0014424796888454227,49,2.5756965745189584,0.0015618511159238774,51
0.03837909410069251,0.0014457224455407234,49,2.5808668219173203,0.0015590479357441042,51
0.04224650153025644,0.001448949909902224,49,2.586037069315682,0.0015562192351666405,51
0.04611390895981993,0.0014521612844580363,49,2.5912073167140437,0.0015533651531168733,51
0.04998131638938341,0.001455355773812141,49,2.5963775641124056,0.0015504858330356037,51
0.05384872381894734,0.00145853258482988,49,2.6015478115107675,0.0015475814228485176,51
0.05771613124851083,0.0014616909268230687,49,2.606718058909129,0.0015446520749330833,51
0.06158353867807431,0.001464830011734662,49,2.611888306307491,0.0015416979460828647,51
0.06545094610763824,0.0014679490543229247,49,2.617058553705853,0.0015387191974692755,51
0.06931835353720173,0.00147104727234504,49,2.6222288011042143,0.0015357159946007527,51
0.07318576096676521,0.0014741238867401177,49,2.627399048502576,0.0015326885072793831,51
0.0770531683963287,0.001477178121811515,49,2.632569295900938,0.001529636909554981,51
0.08092057582589263,0.0014802092054084415,49,2.6377395432993,0.0015265613796766207,51
0.08478798325545611,0.001483216369106759,49,2.6429097906976615,0.0015234621000416613,51
0.0886553906850196,0.0014861988483889572,49,2.6480800380960234,0.0015203392571422466,51
0.09252279811458353,0.0014891558828231985,49,2.6532502854943854,0.0015171930415093337,51
0.09639020554414701,0.0014920867162414172,49,2.658420532892747,0.001514023647654235,51
0.1002576129737105,0.0014949905969163881,49,2.6635907802911087,0.0015108312740077197,51
0.10412502040327443,0.0014978667777377074,49,2.6687610276894707,0.0015076161228566923,51
0.10799242783283791,0.0015007145163866385,49,2.6739312750878326,0.0015043784002784638,51
0.1118598352624014,0.001503533075509758,49,2.679101522486194,0.0015011183160726536,51
0.11572724269196488,0.0015063217228913361,49,2.684271769884556,0.001497836083690744,51
0.11959465012152881,0.0015090797316244056,49,2.689442017282918,0.0014945319201633308,51
0.1234620575510923,0.0015118063802804487,49,2.6946122646812793,0.0014912060460250832,51
0.12732946498065578,0.0015145009530776535,49,2.6997825120796413,0.0014878586852374717,51
0.1311968724102197,0.0015171627400476751,49,2.704952759478003,0.0014844900651092804,51
0.1350642798397832,0.0015197910372008487,49,2.710123006876365,0.001481100416214957,51
0.13893168726934668,0.0015223851466897888,49,2.7152932542747266,0.0014776899723108383,51
0.1427990946989106,0.001524944376971336,49,2.7204635016730885,0.0014742589702492913,51
0.1466665021284741,0.0015274680429667674,49,2.7256337490714504,0.0014708076498908128,51
0.15053390955803758,0.001529955466220238,49,2.730803996469812,0.0014673362540141557,51
0.15440131698760107,0.0015324059750553903,49,2.735974243868174,0.001463845028224493,51
0.158268724417165,0.001534818904730071,49,2.7411444912665357,0.0014603342208597142,51
0.16213613184672848,0.0015371935975891059,49,2.7463147386648976,0.0014568040828948697,51
0.16600353927629197,0.00153952940321508,49,2.751484986063259,0.0014532548678448478,51
0.1698709467058559,0.0015418256785770701,49,2.756655233461621,0.001449686831665315,51
0.17373835413541938,0.0015440817881772642,49,2.761825480859983,0.0014461002326520056,51
0.17760576156498287,0.001546297104195441,49,2.7669957282583444,0.0014424953313383986,51
0.1814731689945468,0.0015484710066312347,49,2.7721659756567063,0.001438872390391853,51
0.18534057642411028,0.0015506028834441437,49,2.777336223055068,0.0014352316745082695,51
0.18920798385367377,0.0015526921306912428,49,2.78250647045343,0.0014315734503053425,51
0.19307539128323725,0.0015547381526625288,49,2.7876767178517916,0.0014278979862144582,51
0.19694279871280118,0.0015567403620138796,49,2.7928469652501535,0.0014242055523713344,51
0.20081020614236467,0.001558698179897552,49,2.7980172126485154,0.0014204964205054387,51
0.20467761357192815,0.00156061103609019,49,2.803187460046877,0.0014167708638282918,51
0.20854502100149208,0.0015624783691183012,49,2.808357707445239,0.0014130291569207046,51
0.21241242843105557,0.0015642996263811404,49,2.8135279548436007,0.0014092715756190296,51
0.21627983586061905,0.0015660742642709753,49,2.8186982022419627,0.0014054983969005235,51
0.22014724329018298,0.0015678017482906833,49,2.823868449640324,0.001401709898767864,51
0.22401465071974647,0.0015694815531686374,49,2.829038697038686,0.0013979063601329287,51
0.22788205814930995,0.001571113162970854,49,2.834208944437048,0.0013940880606999099,51
0.23174946557887388,0.0015726960712103505,49,2.8393791918354094,0.0013902552808478384,51
0.23561687300843737,0.001574229780953683,49,2.8445494392337713,0.0013864083015126055,51
0.23948428043800085,0.0015757138049246236,49,2.8497196866321333,0.0013825474040685731,51
0.24335168786756434,0.0015771476656049545,49,2.854889934030495,0.001378672870209843,51
0.24721909529712827,0.0015785308953323279,49,2.8600601814288567,0.0013747849818312873,51
0.25108650272669175,0.0015798630363951791,49,2.8652304288272186,0.0013708840209094076,51
0.25495391015625524,0.0015811436411246385,49,2.8704006762255805,0.0013669702693831333,51
0.25882131758581917,0.0015823722719834463,49,2.875570923623942,0.0013630440090346284,51
0.26268872501538265,0.0015835485016518077,49,2.880741171022304,0.001359105521370201,51
0.26655613244494614,0.0015846719131101846,49,2.885911418420666,0.0013551550875014102,51
0.27042353987451007,0.001585742099718988,49,2.8910816658190277,0.0013511929880264568,51
0.27429094730407355,0.0015867586652951607,49,2.896251913217389,0.0013472195029119425,51
0.27815835473363704,0.0015877212241856044,49,2.901422160615751,0.0013432349113750958,51
0.2820257621632005,0.0015886294013374568,49,2.906592408014113,0.0013392394917665583,51
0.28589316959276445,0.0015894828323651813,49,2.9117626554124745,0.0013352335214538026,51
0.28976057702232794,0.0015902811636144603,49,2.9169329028108364,0.001331217276705301,51
0.2936279844518914,0.001591024052222872,49,2.9221031502091983,0.0013271910325755136,51
0.29749539188145535,0.0015917111661773345,49,2.92727339760756,0.001323155062790797,51
0.30136279931101884,0.0015923421843683139,49,2.9324436450059217,0.0013191096396363191,51
0.3052302067405823,0.0015929167966407655,49,2.9376138924042836,0.0013150550338440774,51
0.30909761417014625,0.001593434703841819,49,2.9427841398026455,0.0013109915144821015,51
0.31296502159970974,0.0015938956178651817,49,2.947954387201007,0.0013069193488449357,51
0.3168324290292732,0.0015942992616922674,49,2.953124634599369,0.0013028388023454875,51
0.3206998364588367,0.00159464536943003,49,2.958294881997731,0.0012987501384083364,51
0.32456724388840064,0.001594933686345506,49,2.9634651293960923,0.001294653618364577,51
0.3284346513179641,0.0015951639688970636,49,2.968635376794454,0.0012905495013482973,51
0.3323020587475276,0.0015953359847623594,49,2.973805624192816,0.0012864380441947702,51
0.33616946617709154,0.0015954495128629894,49,2.978975871591178,0.001282319501340449,51
0.340036873606655,0.001595504343385851,49,2.9841461189895395,0.0012781941247248384,51
0.3439042810362185,0.0015955002778012166,49,2.9893163663879014,0.0012740621636943355,51
0.34777168846578244,0.001595437128877515,49,2.9944866137862634,0.001269923864908125,51
0.3516390958953459,0.0015953147206928331,49,2.999656861184625,0.0012657794722461888,51
0.3555065033249094,0.0015951328886431504,49,3.0048271085829867,0.00126162922671953,51
0.3593739107544729,0.0015948914794472995,49,3.0099973559813487,0.001257473366382678,51
0.3632413181840368,0.0015945903511486864,49,3.0151676033797106,0.0012533121262485493,51
0.3671087256136003,0.0015942293731137608,49,3.020337850778072,0.0012491457382057417,51
0.3709761330431638,0.001593808426027258,49,3.025508098176434,0.0012449744309383304,51
0.3748435404727277,0.0015933274018842354,49,3.030678345574796,0.0012407984298482405,51
0.3787109479022912,0.0015927862039789072,49,3.0358485929731573,0.001236617956980256,51
0.3825783553318547,0.0015921847468903026,49,3.0410188403715193,0.0012324332309497413,51
0.3864457627614186,0.0015915229564647602,49,3.046189087769881,0.0012282444668731322,51
0.3903131701909821,0.00159080076979529,49,3.051359335168243,0.0012240518763012602,51
0.3941805776205456,0.0015900181351978125,49,3.0565295825666046,0.0012198556671555705,51
0.3980479850501091,0.001589175012184303,49,3.0616998299649665,0.0012156560436672882,51
0.401915392479673,0.001588271371432873,49,3.0668700773633284,0.0012114532063195946,51
0.4057827999092365,0.0015873071947547935,49,3.07204032476169,0.0012072473517928581,51
0.4096502073388,0.001586282475058515,49,3.077210572160052,0.0012030386729129728,51
0.4135176147683639,0.0015851972163106875,49,3.0823808195584137,0.0011988273586028525,51
0.4173850221979274,0.001584051433494224,49,3.0875510669567756,0.0011946135938371285,51
0.4212524296274909,0.0015828451525634363,49,3.092721314355137,0.0011903975596000867,51
0.4251198370570548,0.0015815784103962653,49,3.097891561753499,0.0011861794328468845,51
0.4289872444866183,0.0015802512547436526,49,3.103061809151861,0.0011819593864680926,51
0.4328546519161818,0.0015788637441760767,49,3.1082320565502224,0.0011777375892575838,51
0.43672205934574526,0.0015774159480272925,49,3.1134023039485843,0.0011735142058838055,51
0.4405894667753092,0.0015759079463353101,49,3.118572551346946,0.0011692893968644708,51
0.4444568742048727,0.0015743398297806495,49,3.123742798745308,0.0011650633185446724,51
0.44832428163443616,0.0015727116996219078,49,3.1289130461436696,0.0011608361230784703,51
0.4521916890640001,0.0015710236676286812,49,3.1340832935420315,0.0011566079584139424,51
0.4560590964935636,0.0015692758560118785,49,3.1392535409403934,0.0011523789682817435,51
0.45992650392312706,0.0015674683973514636,49,3.144423788338755,0.0011481492921871568,51
0.463793911352691,0.0015656014345216823,49,3.149594035737117,0.0011439190654056693,51
0.4676613187822545,0.0015636751206137968,49,3.1547642831354787,0.0011396884189820691,51
0.47152872621181796,0.0015616896188563802,49,3.1599345305338407,0.001135457479733065,51
0.47539613364138145,0.0015596451025332286,49,3.165104777932202,0.0011312263702534366,51
0.4792635410709454,0.0015575417548989018,49,3.170275025330564,0.0011269952089257012,51
0.48313094850050886,0.0015553797690919758,49,3.175445272728926,0.001122764109933309,51
0.48699835593007235,0.0015531593480460257,49,3.1806155201272874,0.0011185331832773311,51
0.4908657633596363,0.0015508807043984004,49,3.1857857675256493,0.0011143025347966533,51
0.49473317078919976,0.0015485440603968275,49,3.1909560149240113,0.0011100722661916405,51
0.49860057821876325,0.0015461496478039042,49,3.196126262322373,0.0011058424750512738,51
0.5024679856483272,0.0015436977077995168,49,3.2012965097207347,0.001101613254883709,51
0.5063353930778907,0.001541188490881243,49,3.2064667571190966,0.0010973846951502532,51
0.5102028005074541,0.001538622256762778,49,3.2116370045174585,0.001093156881302734,51
0.5140702079370176,0.001535999274270442,49,3.21680725191582,0.0010889298948242043,51
0.5179376153665816,0.0015333198212378186,49,3.221977499314182,0.0010847038132729726,51
0.521805022796145,0.0015305841843985702,49,3.227147746712544,0.0010804787103299133,51
0.5256724302257085,0.0015277926592774846,49,3.2323179941109057,0.0010762546558490053,51
0.5295398376552725,0.0015249455500798029,49,3.237488241509267,0.0010720317159110722,51
0.533407245084836,0.0015220431695788874,49,3.242658488907629,0.001067809952880659,51
0.5372746525143994,0.00151908583900226,49,3.247828736305991,0.0010635894254660144,51
0.5411420599439634,0.0015160738879160922,49,3.2529989837043525,0.0010593701887821032,51
0.5450094673735268,0.001513007654108178,49,3.2581692311027144,0.001055152294416612,51
0.5488768748030903,0.0015098874834694493,49,3.2633394785010763,0.001050935790498877,51
0.5527442822326538,0.001506713729874083,49,3.2685097258994382,0.0010467207217716794,51
0.5566116896622177,0.0015034867550582586,49,3.2736799732977997,0.0010425071296658373,51
0.5604790970917812,0.0015002069284976102,49,3.2788502206961616,0.0010382950523775308,51
0.5643465045213447,0.0014968746272834349,49,3.2840204680945235,0.0010340845249482919,51
0.5682139119509086,0.0014934902359976996,49,3.289190715492885,0.00102987557934758,51
0.5720813193804721,0.0014900541465869101,49,3.294360962891247,0.001025668244557873,51
0.5759487268100356,0.0014865667582348817,49,3.299531210289609,0.0010214625466621993,51
0.5798161342395995,0.0014830284772344795,49,3.3047014576879707,0.0010172585089340208,51
0.583683541669163,0.0014794397168583632,49,3.309871705086332,0.001013056151929396,51
0.5875509490987265,0.0014758008972288047,49,3.315041952484694,0.0010088554935813285,51
0.59141835652829,0.0014721124451866172,49,3.320212199883056,0.001004656549296222,51
0.5952857639578539,0.001468374794159256,49,3.3253824472814175,0.0010004593320523509,51
0.5991531713874174,0.0014645883840281346,49,3.3305526946797794,0.0009962638525002514,51
0.6030205788169809,0.001460753660995224,49,3.3357229420781414,0.0009920701190649483,51
0.6068879862465448,0.0014568710774489552,49,3.3408931894765033,0.0009878781380499163,51
0.6107553936761083,0.001452941091829511,49,3.3460634368748647,0.0009836879137426811,51
0.6146228011056718,0.0014489641684935297,49,3.3512336842732267,0.0009794994485219663,51
0.6184902085352357,0.0014449407775782848,49,3.3564039316715886,0.0009753127429662821,51
0.6223576159647992,0.0014408713948653872,49,3.36157417906995,0.0009711277959638608,51
0.6262250233943627,0.0014367565016440548,49,3.366744426468312,0.0009669446048238234,51
0.6300924308239262,0.0014325965845740029,49,3.371914673866674,0.0009627631653884959,51
0.6339598382534901,0.0014283921355480022,49,3.377084921265036,0.0009585834721467481,51
0.6378272456830536,0.0014241436515541506,49,3.3822551686633973,0.0009544055183482664,51
0.6416946531126171,0.0014198516345379055,49,3.387425416061759,0.000950229296118643,51
0.645562060542181,0.001415516591263924,49,3.392595663460121,0.0009460547965751803,51
0.6494294679717445,0.0014111390331777642,49,3.3977659108584826,0.0009418820099432993,51
0.653296875401308,0.0014067194762674752,49,3.4029361582568445,0.0009377109256734428,51
0.6571642828308719,0.0014022584409251397,49,3.4081064056552064,0.0009335415325583699,51
0.6610316902604354,0.0013977564518084038,49,3.4132766530535683,0.0009293738188507246,51
0.6648990976899989,0.0013932140377020399,49,3.41844690045193,0.00092520777238077,51
0.6687665051195624,0.0013886317313795827,49,3.4236171478502917,0.0009210433806741805,51
0.6726339125491263,0.0013840100694650845,49,3.4287873952486536,0.0009168806310697822,51
0.6765013199786898,0.0013793495922950394,49,3.433957642647015,0.0009127195108371278,51
0.6803687274082533,0.0013746508437804906,49,3.439127890045377,0.0009085600072937964,51
0.6842361348378172,0.001369914371269398,49,3.444298137443739,0.0009044021079223091,51
0.6881035422673807,0.0013651407254092788,49,3.449468384842101,0.0009002458004865533,51
0.6919709496969442,0.00136033046001017,49,3.4546386322404623,0.0008960910731475994,51
0.6958383571265081,0.001355484131907945,49,3.459808879638824,0.0008919379145788082,51
0.6997057645560716,0.0013506023008280472,49,3.464979127037186,0.0008877863140801207,51
0.7035731719856351,0.0013456855292496301,49,3.4701493744355476,0.000883636261691414,51
0.707440579415199,0.0013407343822701863,49,3.4753196218339095,0.0008794877483048266,51
0.7113079868447625,0.0013357494274706836,49,3.4804898692322714,0.000875340765775949,51
0.715175394274326,0.001330731234781229,49,3.4856601166306334,0.0008711953070337605,51
0.7190428017038895,0.0013256803763473212,49,3.4908303640289953,0.0008670513661892316,51
0.7229102091334534,0.0013205974263967044,49,3.4960006114273563,0.0008629089386424661,51
0.7267776165630169,0.0013154829611068668,49,3.501170858825718,0.0008587680211882984,51
0.7306450239925804,0.001310337558473212,49,3.50634110622408,0.0008546286121202464,51
0.7345124314221443,0.0013051617981779285,49,3.511511353622442,0.0008504907113327111,51
0.7383798388517078,0.001299956261459609,49,3.516681601020804,0.0008463543204213381,51
0.7422472462812713,0.0012947215309836134,49,3.521851848419166,0.0008422194427814442,51
0.7461146537108352,0.001289458190713245,49,3.527022095817528,0.0008380860837044136,51
0.7499820611403987,0.0012841668257817357,49,3.532192343215889,0.0008339542504719754,51
0.7538494685699622,0.0012788480223650844,49,3.5373625906142507,0.0008298239524482756,51
0.7577168759995256,0.0012735023675557679,49,3.5425328380126127,0.0008256952011696559,51
0.7615842834290896,0.001268130449237358,49,3.5477030854109746,0.0008215680104320581,51
0.765451690858653,0.0012627328559600627,49,3.5528733328093365,0.0008174423963759628,51
0.7693190982882165,0.0012573101768172151,49,3.5580435802076984,0.0008133183775687988,51
0.7731865057177805,0.0012518630013227407,49,3.5632138276060603,0.0008091959750847318,51
0.777053913147344,0.0012463919192896228,49,3.5683840750044213,0.0008050752125817695,51
0.7809213205769074,0.0012408975207093827,49,3.5735543224027833,0.0008009561163760962,51
0.7847887280064714,0.0012353803956325997,49,3.578724569801145,0.0007968387155135921,51
0.7886561354360349,0.0012298411340505076,49,3.583894817199507,0.0007927230418384433,51
0.7925235428655983,0.0012242803257776506,49,3.589065064597869,0.0007886091300587964,51
0.7963909502951618,0.0012186985603356562,49,3.594235311996231,0.000784497017809396,51
0.8002583577247258,0.0012130964268381203,49,3.599405559394593,0.0007803867457111367,51
0.8041257651542892,0.001207474513876636,49,3.604575806792954,0.0007762783574274891,51
0.8079931725838527,0.001201833409407966,49,3.609746054191316,0.0007721718997177303,51
0.8118605800134167,0.0011961737006423976,49,3.6149163015896777,0.0007680674224869521,51
0.8157279874429801,0.0011904959739332806,49,3.6200865489880396,0.0007639649788327794,51
0.8195953948725436,0.0011848008146677607,49,3.6252567963864015,0.000759864625088769,51
0.8234628023021076,0.0011790888071587396,49,3.6304270437847634,0.0007557664208644496,51
0.827330209731671,0.0011733605345380638,49,3.6355972911831254,0.0007516704290819541,51
0.8311976171612345,0.0011676165786509462,49,3.6407675385814864,0.0007475767160092301,51
0.835065024590798,0.0011618575199516588,49,3.6459377859798483,0.0007434853512897809,51
0.8389324320203619,0.0011560839374004847,49,3.65110803337821,0.0007393964079689257,51
0.8427998394499254,0.0011502964083619552,49,3.656278280776572,0.0007353099625165415,51
0.8466672468794889,0.0011444955085043722,49,3.661448528174934,0.0007312260948462789,51
0.8505346543090528,0.0011386818117006313,49,3.666618775573296,0.0007271448883312287,51
0.8544020617386163,0.0011328558899303671,49,3.671789022971658,0.0007230664298160254,51
0.8582694691681798,0.0011270183131833992,49,3.676959270370019,0.0007189908096253859,51
0.8621368765977437,0.001121169649364522,49,3.682129517768381,0.0007149181215690624,51
0.8660042840273072,0.001115310464199625,49,3.6872997651667427,0.0007108484629432264,51
0.8698716914568707,0.0011094413211431551,49,3.6924700125651047,0.0007067819345282641,51
0.8737390988864342,0.0011035627812869325,49,3.6976402599634666,0.000702718640582996,51
0.8776065063159981,0.0010976754032703232,49,3.7028105073618285,0.0006986586888353356,51
0.8814739137455616,0.0010917797431917755,49,3.7079807547601904,0.0006946021904693786,51
0.8853413211751251,0.0010858763545217233,49,3.7131510021585514,0.0006905492601089558,51
0.889208728604689,0.0010799657880168638,49,3.7183212495569133,0.0006865000157976514,51
0.8930761360342525,0.0010740485916358189,49,3.7234914969552753,0.0006824545789753193,51
0.896943543463816,0.001068125310456172,49,3.728661744353637,0.0006784130744511099,51
0.9008109508933799,0.001062196486592893,49,3.733831991751999,0.0006743756303730432,51
0.9046783583229434,0.0010562626591181614,49,3.739002239150361,0.0006703423781941523,51
0.9085457657525069,0.0010503243639825707,49,3.744172486548723,0.0006663134526352324,51
0.9124131731820704,0.0010443821339377356,49,3.749342733947084,0.0006622889916442319,51
0.9162805806116343,0.0010384364984602956,49,3.754512981345446,0.0006582691363523229,51
0.9201479880411978,0.0010324879836773188,49,3.759683228743808,0.000654254031026701,51
0.9240153954707613,0.001026537112293107,49,3.7648534761421697,0.0006502438230201434,51
0.9278828029003252,0.001020584403517397,49,3.7700237235405316,0.000646238662717392,51
0.9317502103298887,0.00101463037299498,49,3.7751939709388935,0.0006422387034784013,51
0.9356176177594522,0.0010086755327367066,49,3.7803642183372554,0.0006382441015785098,51
0.9394850251890161,0.0010027203910519097,49,3.7855344657356165,0.0006342550161455861,51
0.9433524326185796,0.000996765452482227,49,3.7907047131339784,0.000630271609094215,51
0.9472198400481431,0.0009908112177368217,49,3.7958749605323403,0.0006262940450569876,51
0.9510872474777066,0.0009848581836290164,49,3.801045207930702,0.000622322491312948,51
0.9549546549072705,0.0009789068430143197,49,3.806215455329064,0.0006183571177132784,51
0.958822062336834,0.0009729576847298623,49,3.811385702727426,0.0006143980966042816,51
0.9626894697663975,0.0009670111935352232,49,3.816555950125788,0.000610445602747738,51
0.9665568771959614,0.000961067850054662,49,3.821726197524149,0.000606499813238711,51
0.9704242846255249,0.000955128130720747,49,3.826896444922511,0.0006025609074208704,51
0.9742916920550884,0.0009491925077193695,49,3.832066692320873,0.0005986290667994284,51
0.9781590994846523,0.0009432614489361592,49,3.8372369397192347,0.00059470447495175,51
0.9820265069142158,0.0009373354179042867,49,3.8424071871175967,0.00059078731743573,51
0.9858939143437793,0.0009314148737536479,49,3.8475774345159586,0.0005868777816960232,51
0.9897613217733428,0.0009255002711614412,49,3.8527476819143205,0.000582976056968207,51
0.9936287292029067,0.0009195920603041179,49,3.8579179293126815,0.0005790823341809711,51
0.9974961366324702,0.0009136906868107161,49,3.8630881767110434,0.0005751968058564158,51
1.0013635440620337,0.0009077965917175668,49,3.8682584241094053,0.0005713196660085626,51
1.0052309514915976,0.0009019102114243711,49,3.8734286715077673,0.0005674511100401545,51
1.009098358921161,0.0008960319776516503,49,3.878598918906129,0.0005635913346378512,51
1.0129657663507246,0.0008901623173995503,49,3.883769166304491,0.0005597405376659066,51
1.0168331737802885,0.0008843016529080175,49,3.888939413702853,0.0005558989180584343,51
1.020700581209852,0.0008784504016183246,49,3.894109661101214,0.0005520666757103474,51
1.0245679886394155,0.0008726089761359474,49,3.899279908499576,0.0005482440113670769,51
1.028435396068979,0.0008667777841947955,49,3.904450155897938,0.00054443112651317,51
1.0323028034985429,0.0008609572286227833,49,3.9096204032963,0.0005406282232598608,51
1.0361702109281063,0.0008551477073087434,49,3.9147906506946617,0.0005368355042317211,51
1.0400376183576698,0.0008493496131706677,49,3.9199608980930236,0.0005330531724524887,51
1.0439050257872338,0.0008435633341252873,49,3.9251311454913855,0.0005292814312301752,51
1.0477724332167972,0.0008377892530589789,49,3.9303013928897466,0.0005255204840415568,51
1.0516398406463607,0.0008320277477999806,49,3.9354716402881085,0.0005217705344161442,51
1.0555072480759247,0.0008262791910919375,49,3.9406418876864704,0.0005180317858197498,51
1.0593746555054881,0.000820543950568753,49,3.9458121350848323,0.0005143044415377311,51
1.0632420629350516,0.0008148223887307429,49,3.950982382483194,0.000510588704558034,51
1.0671094703646151,0.0008091148629220967,49,3.956152629881556,0.0005068847774541266,51
1.070976877794179,0.0008034217253096307,49,3.961322877279918,0.0005031928622679267,51
1.0748442852237425,0.0007977433228628368,49,3.966493124678279,0.0004995131603928347,51
1.078711692653306,0.0007920799973352078,49,3.971663372076641,0.0004958458724569521,51
1.08257910008287,0.0007864320852468513,49,3.976833619475003,0.0004921911982066153,51
1.0864465075124334,0.0007807999178683774,49,3.982003866873365,0.0004885493363903169,51
1.090313914941997,0.0007751838212060475,49,3.9871741142717267,0.00048492048464313325,51
1.0941813223715608,0.0007695841159881932,49,3.9923443616700887,0.00048130483937174875,51
1.0980487298011243,0.0007640011176528954,49,3.9975146090684506,0.00047770259564017617,51
1.1019161372306878,0.0007584351363369047,49,4.002684856466812,0.0004741139470562716,51
1.1057835446602513,0.0007528864768658167,49,4.0078551038651735,0.0004705390856591353,51
1.1096509520898152,0.0007473554387454841,49,4.013025351263535,0.0004669782018075024,51
1.1135183595193787,0.0007418423161546617,49,4.018195598661897,0.0004634314840692064,51
1.1173857669489422,0.0007363473979388797,49,4.023365846060259,0.0004598991191118148,51
1.1212531743785061,0.0007308709676055361,49,4.028536093458621,0.0004563812915945226,51
1.1251205818080696,0.0007254133033202111,49,4.033706340856983,0.0004528781840614017,51
1.128987989237633,0.0007199746779041798,49,4.038876588255344,0.0004493899768360837,51
1.132855396667197,0.0007145553588331319,49,4.044046835653706,0.00044591684791796536,51
1.1367228040967605,0.0007091556082370911,49,4.049217083052068,0.00044245897288002937,51
1.140590211526324,0.0007037756829015138,49,4.05438733045043,0.00043901652476835103,51
1.1444576189558875,0.0006984158342695745,49,4.059557577848792,0.00043558967400337927,51
1.1483250263854514,0.0006930763084456256,49,4.064727825247154,0.00043217858828306866,51
1.152192433815015,0.0006877573461998261,49,4.069898072645516,0.000428783432487942,51
1.1560598412445784,0.0006824591829739248,49,4.075068320043877,0.0004254043685881525,51
1.1599272486741423,0.0006771820488882003,49,4.080238567442239,0.00042204155555262583,51
1.1637946561037058,0.0006719261687495494,49,4.0854088148406005,0.00041869514926034694,51
1.1676620635332693,0.0006666917620607064,49,4.090579062238962,0.00041536530241386533,51
1.1715294709628332,0.0006614790430305946,49,4.095749309637324,0.00041205216445507943,51
1.1753968783923967,0.0006562882205858048,49,4.100919557035686,0.0004087558814833676,51
1.1792642858219602,0.0006511194983831782,49,4.106089804434048,0.0004054765961761257,51
1.1831316932515241,0.0006459730748235039,49,4.111260051832409,0.00040221444771177566,51
1.1869991006810876,0.0006408491430663088,49,4.116430299230771,0.0003989695716952871,51
1.190866508110651,0.0006357478910457346,49,4.121600546629133,0.00039574210008629047,51
1.1947339155402146,0.0006306695014875008,49,4.126770794027495,0.00039253216112980586,51
1.1986013229697785,0.0006256141519269314,49,4.131941041425857,0.00038933987928965773,51
1.202468730399342,0.0006205820147280514,49,4.137111288824219,0.00038616537518460956,51
1.2063361378289055,0.000615573257103727,49,4.142281536222581,0.0003830087655272716,51
1.2102035452584694,0.0006105880411368541,49,4.147451783620942,0.0003798701630658134,51
1.214070952688033,0.0006056265238025846,49,4.152622031019304,0.00037674967652852364,51
1.2179383601175964,0.0006006888569915629,49,4.1577922784176655,0.0003736474105712595,51
1.2218057675471603,0.0005957751875341911,49,4.162962525816027,0.0003705634657278057,51
1.2256731749767238,0.0005908856572258885,49,4.168132773214389,0.0003674979383631824,51
1.2295405824062873,0.0005860204028533441,49,4.173303020612751,0.00036445092062992846,51
1.2334079898358508,0.0005811795562217552,49,4.178473268011113,0.0003614225004273809,51
1.2372753972654147,0.000576363244183033,49,4.183643515409474,0.0003584127613639788,51
1.2411428046949782,0.0005715715886649752,49,4.188813762807836,0.0003554217827225983,51
1.2450102121245417,0.0005668047067013731,49,4.193984010206198,0.0003524496394289568,51
1.2488776195541056,0.0005620627104630738,49,4.19915425760456,0.0003494964020230736,51
1.252745026983669,0.000557345707289953,49,4.204324505002922,0.00034656213663381843,51
1.2566124344132326,0.0005526537997238079,49,4.209494752401284,0.000343646904956544,51
1.2604798418427965,0.0005479870855421497,49,4.214664999799646,0.0003407507642338139,51
1.26434724927236,0.000543345657792885,49,4.219835247198007,0.0003378737672392248,51
1.2682146567019235,0.0005387296048298689,49,4.225005494596369,0.000335015962264322,51
1.272082064131487,0.0005341390103493241,49,4.230175741994731,0.00033217739310861154,51
1.2759494715610509,0.0005295739534271097,49,4.2353459893930925,0.0003293580990726533,51
1.2798168789906144,0.0005250345085568224,49,4.240516236791454,0.00032655811495423397,51
1.2836842864201778,0.0005205207456887205,49,4.245686484189816,0.00032377747104760357,51
1.2875516938497418,0.0005160327302694554,49,4.250856731588177,0.00032101619314577024,51
1.2914191012793053,0.0005115705232825997,49,4.256026978986539,0.0003182743025458221,51
1.2952865087088687,0.0005071341812899467,49,4.261197226384901,0.0003155518160572731,51
1.2991539161384327,0.0005027237564735799,49,4.266367473783263,0.0003128487460133998,51
1.3030213235679962,0.0004983392966786919,49,4.271537721181625,0.0003101651002855498,51
1.3068887309975596,0.0004939808454571297,49,4.276707968579987,0.0003075008823003943,51
1.3107561384271231,0.0004896484421116646,49,4.281878215978349,0.00030485609106009577,51
1.314623545856687,0.0004853421217409617,49,4.28704846337671,0.0003022307211653586,51
1.3184909532862505,0.00048106191528523597,49,4.292218710775072,0.00029962476284132826,51
1.322358360715814,0.00047680784957257434,49,4.297388958173434,0.00029703820196630654,51
1.326225768145378,0.00047257994736591536,49,4.302559205571796,0.000294471020103239,51
1.3300931755749414,0.00046837822741066287,49,4.3077294529701575,0.0002919231945339385,51
1.333960583004505,0.000464202704482917,49,4.312899700368519,0.0002893946982959977,51
1.3378279904340689,0.00046005338943830813,49,4.318069947766881,0.00028688550022235075,51
1.3416953978636323,0.00045593028926141653,49,4.323240195165242,0.0002843955649834326,51
1.3455628052931958,0.00045183340711575393,49,4.328410442563604,0.00028192485313188883,51
1.3494302127227593,0.0004477627423942952,49,4.333580689961966,0.0002794733211497866,51
1.3532976201523232,0.0004437182907705411,49,4.338750937360328,0.0002770409214982712,51
1.3571650275818867,0.0004397000442500914,49,4.34392118475869,0.0002746276026696148,51
1.3610324350114502,0.0004357079912227077,49,4.349091432157052,0.00027223330924160073,51
1.3648998424410141,0.0004317421165148529,49,4.354261679555414,0.0002698579819341868,51
1.3687672498705776,0.000427802401442686,49,4.359431926953775,0.0002675015576683873,51
1.3726346573001411,0.00042388882386548785,49,4.364602174352137,0.0002651639696273079,51
1.376502064729705,0.00042000135823950434,49,4.369772421750499,0.000262845147319282,51
1.3803694721592685,0.0004161399756721884,49,4.374942669148861,0.0002605450166430296,51
1.384236879588832,0.00041230464397681176,49,4.380112916547223,0.00025826349995478753,51
1.3881042870183955,0.0004084953277274374,49,4.3852831639455845,0.0002560005161373331,51
1.3919716944479594,0.0004047119883142246,49,4.390453411343946,0.0002537559806708416,51
1.395839101877523,0.00040095458399905286,49,4.395623658742307,0.00025152980570550254,51
1.3997065093070864,0.00039722306997143456,49,4.400793906140669,0.0002493219001358254,51
1.4035739167366503,0.00039351739840470595,49,4.405964153539031,0.0002471321696765729,51
1.4074413241662138,0.0003898375185124704,49,4.411134400937393,0.0002449605169402331,51
1.4113087315957773,0.00038618337660527264,49,4.416304648335755,0.00024280684151597223,51
1.4151761390253412,0.0003825549161474837,49,4.421474895734117,0.00024067104004998744,51
1.4190435464549047,0.00037895207781437777,49,4.426645143132479,0.0002385530063271877,51
1.4229109538844682,0.0003753747995493754,49,4.43181539053084,0.00023645263135412602,51
1.4267783613140317,0.0003718230166214365,49,4.436985637929202,0.00023436980344310865,51
1.4306457687435956,0.00036829666168257397,49,4.442155885327564,0.00023230440829740843,51
1.434513176173159,0.0003647956648254806,49,4.447326132725926,0.00023025632909749838,51
1.4383805836027226,0.0003613199536412295,49,4.452496380124288,0.00022822544658823805,51
1.4422479910322865,0.00035786945327704055,49,4.4576666275226495,0.00022621163916692626,51
1.44611539846185,0.00035444408649408846,49,4.462836874921011,0.00022421478297215486,51
1.4499828058914135,0.000351043773725323,49,4.4680071223193725,0.00022223475197337368,51
1.4538502133209774,0.00034766843313329115,49,4.473177369717734,0.00022027141806109902,51
1.457717620750541,0.0003443179806679339,49,4.478347617116096,0.0002183246511376852,51
1.4615850281801044,0.00034099233012433117,49,4.483517864514458,0.00021639431920858192,51
1.4654524356096679,0.0003376913932003853,49,4.48868811191282,0.00021448028847400027,51
1.4693198430392318,0.0003344150795544105,49,4.493858359311182,0.00021258242342091409,51
1.4731872504687953,0.0003311632968626141,49,4.499028606709544,0.00021070058691531593,51
1.4770546578983588,0.00032793595087644264,49,4.504198854107905,0.0002088346402946561,51
1.4809220653279227,0.00032473294547977595,49,4.509369101506267,0.00020698444346038537,51
1.4847894727574862,0.00032155418274594776,49,4.514539348904629,0.00020514985497053305,51
1.4886568801870497,0.0003183995629945667,49,4.519709596302991,0.00020333073213223794,51
1.4925242876166136,0.000315268984848124,49,4.524879843701353,0.00020152693109416544,51
1.496391695046177,0.000312162345288363,49,4.530050091099715,0.000199738306938735,51
1.5002591024757406,0.0003090795397123874,49,4.5352203384980765,0.00019796471377408692,51
1.504126509905304,0.0003060204619884954,49,4.5403905858964375,0.00019620600482571745,51
1.507993917334868,0.0003029850045117109,49,4.545560833294799,0.00019446203252771014,51
1.5118613247644315,0.0002999730582589993,49,4.550731080693161,0.00019273264861349992,51
1.515728732193995,0.0002969845128441392,49,4.555901328091523,0.00019101770420609345,51
1.5195961396235589,0.00029401925657224047,49,4.561071575489885,0.00018931704990768545,51
1.5234635470531224,0.00029107717649388206,49,4.566241822888247,0.00018763053588860274,51
1.5273309544826859,0.0002881581584588498,49,4.571412070286609,0.00018595801197551084,51
1.5311983619122498,0.0002852620871694628,49,4.57658231768497,0.00018429932773882012,51
1.5350657693418133,0.0002823888462334613,49,4.581752565083332,0.00018265433257922873,51
1.5389331767713768,0.0002795383182164403,49,4.586922812481694,0.0001810228758133444,51
1.5428005842009402,0.0002767103846938148,49,4.592093059880056,0.0001794048067583197,51
1.5466679916305042,0.0002739049263022918,49,4.597263307278418,0.0001777999748154498,51
1.5505353990600677,0.00027112182279083957,49,4.60243355467678,0.00017620822955267065,51
1.5544028064896311,0.00026836095307112656,49,4.6076038020751415,0.0001746294207859049,51
1.558270213919195,0.0002656221952674251,49,4.612774049473503,0.00017306339865920295,51
1.5621376213487586,0.00026290542676595473,49,4.6179442968718645,0.00017151001372362273,51
1.566005028778322,0.000260210524263651,49,4.623114544270226,0.00016996911701480655,51
1.569872436207886,0.00025753736381634615,49,4.628284791668588,0.0001684405601291957,51
1.5737398436374495,0.00025488582088634484,49,4.63345503906695,0.00016692419529884382,51
1.577607251067013,0.0002522557703893789,49,4.638625286465312,0.00016541987546478051,51
1.5814746584965762,0.0002496470867409282,49,4.643795533863674,0.00016392745434888197,51
