ax-row-0-col-0_trace-id-stx-shaded-line-0_variable-x,ax-row-0-col-0_trace-id-stx-shaded-line-0_variable-y_lower,ax-row-0-col-0_trace-id-stx-shaded-line-0_variable-y_middle,ax-row-0-col-0_trace-id-stx-shaded-line-0_variable-y_upper
0.0,0.0,-0.2,0.2
0.10101010101010101,0.1008384202581046,-0.0991615797418954,0.3008384202581046
0.20202020202020202,0.2006488565226854,0.0006488565226853982,0.40064885652268545
0.30303030303030304,0.2984138044476411,0.09841380444764108,0.4984138044476411
0.40404040404040403,0.3931366121483298,0.19313661214832978,0.5931366121483298
0.5050505050505051,0.48385164043793466,0.28385164043793465,0.6838516404379347
0.6060606060606061,0.5696341069089657,0.36963410690896564,0.7696341069089656
0.7070707070707071,0.6496095135057065,0.4496095135057065,0.8496095135057065
0.8080808080808081,0.7229625614794605,0.5229625614794604,0.9229625614794605
0.9090909090909091,0.7889454628442574,0.5889454628442574,0.9889454628442573
1.0101010101010102,0.8468855636029834,0.6468855636029833,1.0468855636029835
1.1111111111111112,0.8961922010299563,0.6961922010299564,1.0961922010299563
1.2121212121212122,0.9363627251042848,0.7363627251042848,1.1363627251042847
1.3131313131313131,0.9669876227092996,0.7669876227092995,1.1669876227092997
1.4141414141414141,0.9877546923600838,0.7877546923600838,1.187754692360084
1.5151515151515151,0.9984522269003895,0.7984522269003895,1.1984522269003894
1.6161616161616161,0.9989711717233568,0.7989711717233567,1.1989711717233569
1.7171717171717171,0.9893062365143401,0.7893062365143402,1.18930623651434
1.8181818181818181,0.9695559491823237,0.7695559491823236,1.1695559491823238
1.9191919191919191,0.9399216514301312,0.7399216514301312,1.1399216514301311
2.0202020202020203,0.9007054462029555,0.7007054462029554,1.1007054462029555
2.121212121212121,0.8523071179396752,0.6523071179396751,1.0523071179396752
2.2222222222222223,0.7952200570230491,0.595220057023049,0.9952200570230492
2.323232323232323,0.7300262299764464,0.5300262299764464,0.9300262299764464
2.4242424242424243,0.6573902466827755,0.45739024668277545,0.8573902466827754
2.525252525252525,0.5780525851065732,0.3780525851065732,0.7780525851065732
2.6262626262626263,0.4928220425889235,0.29282204258892347,0.6928220425889235
2.727272727272727,0.40256749066949654,0.20256749066949653,0.6025674906694966
2.8282828282828283,0.30820901749007684,0.10820901749007683,0.5082090174900769
2.929292929292929,0.2107085480771929,0.010708548077192875,0.4107085480771929
3.0303030303030303,0.11106003812412972,-0.08893996187587029,0.31106003812412975
3.131313131313131,0.010279341240534697,-0.1897206587594653,0.2102793412405347
3.2323232323232323,-0.09060614703340773,-0.29060614703340776,0.10939385296659228
3.3333333333333335,-0.19056796287548539,-0.3905679628754854,0.009432037124514625
3.4343434343434343,-0.28858705872043244,-0.48858705872043245,-0.08858705872043243
3.5353535353535355,-0.38366419180611233,-0.5836641918061123,-0.18366419180611232
3.6363636363636362,-0.47483011082223947,-0.6748301108222394,-0.27483011082223946
3.7373737373737375,-0.5611554368152017,-0.7611554368152018,-0.36115543681520174
3.8383838383838382,-0.6417601376193878,-0.8417601376193877,-0.44176013761938776
3.9393939393939394,-0.7158224992291902,-0.9158224992291901,-0.5158224992291902
4.040404040404041,-0.7825875026542022,-0.9825875026542021,-0.5825875026542022
4.141414141414141,-0.8413745208608701,-1.04137452086087,-0.6413745208608701
4.242424242424242,-0.8915842573351402,-1.0915842573351402,-0.6915842573351403
4.343434343434343,-0.9327048555318336,-1.1327048555318335,-0.7327048555318336
4.444444444444445,-0.9643171169287782,-1.1643171169287783,-0.7643171169287781
4.545454545454545,-0.9860987744909296,-1.1860987744909297,-0.7860987744909296
4.646464646464646,-0.9978277779792126,-1.1978277779792126,-0.7978277779792127
4.747474747474747,-0.9993845576124357,-1.1993845576124358,-0.7993845576124357
4.848484848484849,-0.9907532430056771,-1.190753243005677,-0.7907532430056772
4.94949494949495,-0.9720218249588334,-1.1720218249588334,-0.7720218249588333
5.05050505050505,-0.9433812584459996,-1.1433812584459997,-0.7433812584459996
5.151515151515151,-0.9051235159501367,-1.1051235159501367,-0.7051235159501368
5.252525252525253,-0.8576386109880517,-1.0576386109880518,-0.6576386109880517
5.353535353535354,-0.8014106221689697,-1.0014106221689698,-0.6014106221689697
5.454545454545454,-0.7370127583189133,-0.9370127583189134,-0.5370127583189133
5.555555555555555,-0.6651015149788224,-0.8651015149788224,-0.4651015149788224
5.656565656565657,-0.586409981847235,-0.786409981847235,-0.386409981847235
5.757575757575758,-0.5017403693939113,-0.7017403693939113,-0.3017403693939113
5.858585858585858,-0.4119558308308628,-0.6119558308308628,-0.21195583083086278
5.959595959595959,-0.31797166281061867,-0.5179716628106187,-0.11797166281061866
6.0606060606060606,-0.22074597455506334,-0.42074597455506335,-0.02074597455506333
6.161616161616162,-0.12126992053716677,-0.3212699205371668,0.07873007946283324
6.262626262626262,-0.020557596287260064,-0.22055759628726007,0.17944240371273995
6.363636363636363,0.08036429967028173,-0.11963570032971828,0.28036429967028176
6.4646464646464645,0.18046693235991093,-0.01953306764008908,0.3804669323599109
6.565656565656566,0.27872981867755725,0.07872981867755724,0.47872981867755726
6.666666666666667,0.37415123057121996,0.17415123057121995,0.57415123057122
6.767676767676767,0.4657584070256517,0.2657584070256517,0.6657584070256517
6.8686868686868685,0.5526174707464059,0.35261747074640587,0.752617470746406
6.96969696969697,0.6338429484489058,0.43384294844890575,0.8338429484489058
7.070707070707071,0.7086067976992182,0.5086067976992181,0.9086067976992183
7.171717171717171,0.7761468482835805,0.5761468482835805,0.9761468482835804
7.2727272727272725,0.8357745720522589,0.635774572052259,1.0357745720522589
7.373737373737374,0.8868821020290788,0.6868821020290787,1.0868821020290789
7.474747474747475,0.9289484292312513,0.7289484292312514,1.1289484292312513
7.575757575757575,0.9615447140268235,0.7615447140268234,1.1615447140268236
7.6767676767676765,0.9843386578838236,0.7843386578838236,1.1843386578838235
7.777777777777778,0.9970978909438748,0.7970978909438748,1.1970978909438748
7.878787878787879,0.9996923408861117,0.7996923408861116,1.1996923408861118
7.979797979797979,0.9920955589323228,0.7920955589323229,1.1920955589323228
8.080808080808081,0.9743849894755358,0.7743849894755357,1.1743849894755358
8.181818181818182,0.9467411805833543,0.7467411805833544,1.1467411805833543
8.282828282828282,0.9094459434244625,0.7094459434244624,1.1094459434244626
8.383838383838384,0.8628794793817836,0.6628794793817836,1.0628794793817835
8.484848484848484,0.8075165041395626,0.6075165041395625,1.0075165041395626
8.585858585858587,0.7439214082568444,0.5439214082568444,0.9439214082568443
8.686868686868687,0.6727425035622647,0.4727425035622647,0.8727425035622647
8.787878787878787,0.5947054140244975,0.3947054140244975,0.7947054140244976
8.88888888888889,0.510605678474283,0.31060567847428294,0.7106056784742829
8.98989898989899,0.4213006405886069,0.22130064058860688,0.6213006405886069
9.09090909090909,0.32770070881349983,0.12770070881349982,0.5277007088134998
9.191919191919192,0.23076007532505177,0.03076007532505176,0.4307600753250518
9.292929292929292,0.13146698864295842,-0.0685330113570416,0.3314669886429584
9.393939393939394,0.03083367906114098,-0.16916632093885903,0.230833679061141
9.494949494949495,-0.07011396040064677,-0.2701139604006468,0.12988603959935324
9.595959595959595,-0.1703468323280965,-0.3703468323280965,0.029653167671903513
9.696969696969697,-0.26884312591038406,-0.4688431259103841,-0.06884312591038405
9.797979797979798,-0.3645987336558887,-0.5645987336558886,-0.16459873365588867
9.8989898989899,-0.45663748763377376,-0.6566374876337737,-0.25663748763377375
10.0,-0.5440211108893698,-0.7440211108893697,-0.34402111088936976
